국적,목적,2019년01월,2019년02월,2019년03월,2019년04월,2019년05월,2019년06월,2019년07월,2019년08월,2019년09월,2019년10월,2019년11월,2019년12월,2020년01월,2020년02월,2020년03월,2020년04월,2020년05월,2020년06월,2020년07월,2020년08월,2020년09월,2020년10월,2020년11월,2020년12월,2021년01월,2021년02월,2021년03월,2021년04월,2021년05월,2021년06월,2021년07월,2021년08월,2021년09월,2021년10월,2021년11월,2021년12월,2022년01월,2022년02월,2022년03월,2022년04월,2022년05월,2022년06월,2022년07월,2022년08월,2022년09월,2022년10월,2022년11월,2022년12월,2023년01월,2023년02월,2023년03월,2023년04월,2023년05월,2023년06월,2023년07월,2023년08월,2023년09월,2023년10월,2023년11월,2023년12월,2024년01월,2024년02월,2024년03월,2024년04월,2024년05월,2024년06월,2024년07월,2024년08월,2024년09월,2024년10월,2024년11월,2024년12월,2025년01월,2025년02월,2025년03월,2025년04월,2025년05월
일  본,관광,198805,204697,367157,283101,279174,275286,267816,318985,242475,241484,251663,248793,194840,205007,6478,58,45,73,44,25,29,37,32,33,16,31,31,40,36,44,54,97,72,176,273,177,103,91,112,535,668,2042,7737,20324,23413,63905,59089,81012,61766,89217,187833,124741,178728,192316,206914,256082,245965,250235,272686,191892,137713,177633,334131,225182,272974,253497,237907,315309,304277,317845,334850,245072,168284,216891,377064,252679,284722
일  본,상용,2233,2125,2108,1584,2019,1901,1855,2195,2362,1897,1876,1738,2804,1162,282,53,105,69,107,124,104,143,244,256,328,148,172,207,218,184,127,188,149,260,386,171,336,216,244,622,1314,1861,2131,1550,1504,1492,1386,1155,1859,1084,1541,1317,1538,1310,1218,1269,756,1406,919,876,1352,1153,1073,902,1183,1122,1076,1305,1437,1240,1153,1044,1490,1447,1292,958,1404
일  본,공용,127,119,126,126,91,136,149,165,211,438,187,166,141,64,16,2,3,4,30,11,10,4,4,8,14,2,12,2,5,5,12,10,12,11,8,7,17,5,13,8,19,25,41,49,64,60,72,36,80,72,87,135,204,132,169,125,196,144,579,144,133,119,158,132,158,235,173,187,268,189,679,156,158,135,207,168,159
일  본,유학연수,785,2084,1231,333,715,771,694,2957,1137,556,813,769,1035,1536,868,49,41,35,29,544,93,56,261,57,137,1020,195,73,567,117,134,1448,313,69,370,175,140,2088,424,124,751,734,351,2910,1143,248,562,820,978,2702,972,256,905,771,796,3186,1161,455,694,700,1196,2775,935,300,971,687,786,3202,1179,456,838,742,1244,2755,1255,375,1100
일  본,기타,4576,4175,4497,4948,4274,4382,4316,5350,4934,4166,3983,3890,5149,3430,703,198,219,317,545,571,558,687,713,597,804,518,539,550,577,525,554,515,596,721,586,477,566,534,604,942,949,1193,1529,1649,1436,1454,1313,1152,2217,1318,1885,1860,2316,1983,2371,2791,2024,2852,3444,2257,2758,2319,2445,2736,3137,2890,3011,3462,3491,3536,3678,3532,3541,3254,3494,3723,4241
인  도,관광,2318,2372,3051,4088,4483,4892,3509,3870,4111,4403,4149,3697,2391,2061,555,46,95,865,1256,414,600,510,438,647,769,678,708,592,437,459,898,1138,904,1005,850,805,977,885,972,848,1168,1782,2695,2895,3109,3852,3113,2526,1394,1217,2708,3761,4262,3841,3938,3498,4077,8571,3819,3058,2037,1886,4422,5441,5514,4917,3431,3874,5307,5739,4207,3655,2862,2651,5336,8687,7762
인  도,상용,2656,2303,3283,3039,2896,3084,2828,2850,3152,2692,3386,2183,2094,972,42,7,15,36,28,30,24,51,53,64,68,71,123,94,24,78,58,93,101,127,202,161,133,146,198,431,726,1057,1439,1357,1514,1642,2097,1156,1056,1188,1611,1679,1949,1705,1757,1773,1809,2291,2048,1344,1526,1460,2198,2318,2474,1982,1857,2124,2200,2101,2279,1442,1198,1946,2133,1989,2207
인  도,공용,46,102,52,53,99,194,51,114,146,85,115,88,56,19,5,4,0,11,3,4,0,3,5,4,3,2,0,0,7,3,4,10,5,9,8,13,21,6,2,13,31,25,37,18,50,35,52,29,36,18,17,26,62,69,72,44,57,76,42,24,49,33,47,51,75,81,32,72,61,78,61,21,63,35,36,48,39
인  도,유학연수,177,360,197,75,92,121,142,341,186,84,100,100,166,284,92,2,3,61,31,48,66,40,13,13,27,169,112,42,7,12,7,39,36,20,85,47,56,284,135,34,67,76,87,397,179,50,78,75,159,428,206,35,70,98,141,444,148,81,92,103,178,560,216,58,80,142,164,521,231,78,146,105,199,548,331,54,112
인  도,기타,3474,3172,4063,5678,6288,4958,3902,9826,5121,5896,4434,4140,4542,2503,893,151,302,826,2376,1564,1718,1744,1429,1555,1858,1400,2027,1629,1467,1520,1730,1845,1688,2031,1600,1433,1684,1928,1996,1788,2258,2220,2398,2492,2375,2389,2913,1833,1836,1813,3885,4221,4440,5790,5144,5324,4911,8351,5476,4678,6052,5508,9560,9830,10073,10571,8852,9143,9272,8595,6234,5447,6461,6406,8246,10418,12136
베트남,관광,10739,20071,32117,51939,32528,45005,39404,28562,28210,53659,31444,18158,18058,9197,941,420,70,61,157,59,97,92,102,91,80,50,112,97,173,445,493,507,304,303,492,976,615,279,357,472,722,4534,7224,9221,10195,21853,17191,12203,9424,6377,18313,28227,16793,21175,23431,20534,21688,32644,26368,17386,10446,14293,23072,34213,21551,29154,27398,24827,22599,33556,24478,16555,12781,10817,19115,28853,21015
베트남,상용,763,806,1047,1271,1073,1098,1049,1020,1064,1226,1334,1136,747,626,15,5,1,5,4,3,5,9,32,0,1,5,5,19,12,3,5,9,3,10,14,11,27,33,66,108,241,626,708,628,698,864,801,491,278,456,557,589,565,577,544,424,395,679,545,393,334,247,409,355,305,368,319,308,235,440,359,229,144,336,310,317,316
베트남,공용,110,98,186,283,368,542,348,245,530,630,632,295,54,49,5,7,1,0,1,3,1,1,5,3,1,2,5,0,1,0,2,3,3,7,15,75,2,3,0,29,51,84,80,136,341,340,334,231,22,61,105,239,230,200,199,206,372,708,448,203,41,44,168,224,189,435,283,293,355,455,392,210,32,90,104,142,194
베트남,유학연수,1667,9324,5394,1284,2338,3490,3062,4152,5577,1604,3116,4005,3122,9647,2200,5334,720,582,394,1430,789,263,373,1053,482,1250,1407,596,985,756,271,837,913,348,498,1612,503,2797,2865,990,1152,2721,5003,5951,3785,1328,1414,2688,4206,11159,6428,1414,2059,4622,4317,4907,4600,1325,1651,5388,2634,11902,9573,1284,2473,5317,5172,5704,7482,1505,3312,8151,2148,17304,12359,1452,3168
베트남,기타,6904,11882,8247,8392,8109,8204,8658,9604,8236,7701,6664,7127,8251,10794,887,831,589,384,504,443,555,488,757,622,448,395,615,637,555,929,933,638,565,843,1113,1077,1171,1890,1808,2442,4263,4919,5852,8734,7765,7625,7573,8034,7691,10775,9526,10171,9775,9274,9911,13469,9610,10670,8027,8358,7942,13188,15499,17262,14260,12049,12110,15887,14009,12579,11963,11024,9817,22766,20986,22028,16872
미얀마,관광,1304,1107,2026,2716,1990,1621,1657,1373,1832,1935,1752,1964,1273,1271,741,41,178,308,951,818,1430,1358,1252,1619,1462,836,959,782,970,1394,1082,780,997,1616,1795,1975,1460,1023,1213,1211,1330,1121,1620,1297,1298,1961,1623,1675,850,668,984,995,837,863,825,738,1000,1079,989,880,746,794,974,1302,1059,887,876,855,1278,1755,1607,1620,1096,1170,1594,1924,1466
미얀마,상용,10,13,17,13,17,15,12,9,19,18,15,8,9,7,0,1,1,0,0,0,0,0,1,0,0,3,1,0,1,1,0,0,1,3,1,1,1,2,4,8,10,26,47,19,41,55,25,17,40,38,49,60,42,39,54,30,55,39,39,21,16,22,33,30,18,26,24,30,20,36,27,23,18,25,39,27,42
미얀마,공용,31,25,52,62,83,154,114,80,255,214,180,40,47,19,0,0,0,1,0,0,0,0,0,3,0,0,1,0,0,0,3,0,3,0,0,0,1,0,0,0,0,5,5,11,27,29,49,6,3,9,13,22,25,19,32,22,64,56,57,26,2,13,13,15,34,26,16,33,29,33,19,23,5,8,11,23,22
미얀마,유학연수,67,231,102,17,33,71,72,212,93,22,39,70,98,186,109,33,6,8,6,91,40,6,10,23,52,76,30,6,17,36,11,91,193,38,83,123,36,149,199,33,64,169,94,365,331,44,75,292,123,348,442,35,230,261,113,465,610,56,362,408,155,591,551,71,463,424,214,704,727,41,90,619,353,488,822,74,208
미얀마,기타,3877,3991,4824,4464,4433,4442,3566,3849,4335,3687,3674,4818,4227,2836,1669,688,516,663,2846,3232,3429,3571,3502,4282,3735,3353,3781,3546,3311,3554,3425,3245,2871,3405,3509,3570,3717,3117,3365,3476,4209,3954,4888,4927,4262,5117,3700,2154,2193,2208,3760,3050,3316,3589,3967,4268,3537,3985,3348,4481,4232,4087,4216,3935,4874,4906,5038,6427,5459,5102,4797,4297,4301,5185,4557,4829,5837
몽  골,관광,8358,6670,6691,6389,6742,7647,6941,5984,8120,9834,9020,8531,10081,5210,191,60,0,11,12,20,53,23,58,46,39,47,54,67,101,120,135,146,186,144,67,304,162,152,264,418,453,2813,4079,4824,6278,7109,8903,10516,11179,8365,10051,9056,8808,11615,8958,7691,8601,8820,9498,9083,10304,6533,8126,8193,9035,10557,9235,7042,9683,11129,9256,10241,12622,8132,10600,11644,9858
몽  골,상용,77,109,119,83,95,74,78,106,122,84,73,65,83,42,5,2,1,3,2,2,1,1,0,1,0,0,1,1,1,4,5,8,5,5,4,8,6,7,13,19,23,42,43,71,60,30,37,32,45,41,47,38,41,51,43,83,57,62,56,36,67,71,61,51,52,77,70,102,83,68,69,65,76,50,86,53,62
몽  골,공용,304,314,383,299,283,284,233,228,315,421,425,299,359,264,9,5,2,1,7,4,2,5,1,0,6,5,0,1,2,7,24,21,34,24,30,19,42,46,65,117,151,161,132,133,185,270,246,178,179,164,240,190,235,192,130,175,258,313,282,252,232,165,280,262,257,189,184,171,271,312,328,256,204,213,279,276,198
몽  골,유학연수,484,1152,967,248,390,584,740,1762,1155,271,408,535,840,427,357,359,30,73,46,482,144,38,93,59,54,245,98,70,108,98,93,669,665,149,171,576,182,624,613,156,269,504,872,2053,1678,196,413,885,594,975,1541,188,403,745,1094,2270,2172,391,470,1113,1036,2152,1373,325,738,1100,1665,3856,3022,373,908,1268,1692,1851,2983,381,807
몽  골,기타,562,931,564,563,504,655,774,1546,1188,611,593,612,960,456,112,190,45,36,14,53,39,8,19,29,20,30,25,18,64,59,66,148,143,102,112,361,236,345,349,308,265,344,766,1668,714,397,387,366,588,455,533,437,522,584,889,1548,721,778,678,592,826,1115,766,625,686,655,1261,1793,1356,590,837,499,893,918,899,642,734
스리랑카,관광,157,241,177,313,251,245,241,401,351,467,308,211,119,146,20,29,39,72,84,11,34,30,10,18,23,12,38,36,15,57,47,46,27,19,21,37,24,27,51,43,34,112,140,154,360,302,282,184,93,104,134,186,293,212,353,180,365,379,233,167,152,160,175,298,361,333,368,331,549,416,321,305,296,211,321,546,346
스리랑카,상용,54,52,53,72,64,76,54,47,81,82,73,47,26,26,1,0,1,0,1,1,0,0,0,0,1,2,0,2,0,1,0,1,1,0,0,4,0,4,5,5,13,10,17,25,29,35,49,20,9,22,22,27,27,31,14,12,24,37,49,23,26,24,51,29,58,30,43,29,55,57,38,24,28,29,52,36,37
스리랑카,공용,5,0,11,6,2,5,3,7,8,5,1,2,2,0,0,0,0,0,0,0,0,0,0,0,0,0,0,0,3,0,3,0,1,4,0,2,1,0,0,0,0,4,6,1,11,1,4,2,0,1,2,4,4,5,0,0,2,2,4,2,5,1,4,16,3,3,1,5,13,3,6,5,5,1,1,2,5
스리랑카,유학연수,28,48,28,8,7,14,38,84,22,7,6,7,27,37,19,2,1,5,2,17,12,2,2,2,0,22,9,0,4,4,0,32,19,0,4,2,11,36,19,9,2,5,14,77,12,13,23,15,24,76,37,4,13,12,14,97,58,15,9,11,32,85,117,12,19,32,25,125,124,15,16,51,59,134,211,15,39
스리랑카,기타,1043,1175,1225,1079,1214,1479,1019,1377,1641,888,682,1046,1203,879,401,152,401,146,239,137,189,211,126,188,200,125,338,268,266,236,283,263,332,316,376,555,715,408,742,554,708,1307,1243,1036,1425,1559,1999,1550,1390,1429,1801,1105,1519,1547,1216,1663,1753,1618,970,2001,2086,2043,2088,1616,2312,1579,1938,2452,2045,1516,1603,1437,2067,2223,1974,1643,1986
파키스탄,관광,238,257,285,361,290,356,389,315,323,382,361,404,229,221,70,6,0,9,10,8,7,8,1,9,9,10,10,23,13,12,8,12,34,15,27,25,3,15,18,46,47,110,165,156,234,284,218,163,152,126,177,170,210,245,220,258,271,390,291,256,219,215,189,315,364,395,430,329,471,454,404,277,235,227,212,361,293
파키스탄,상용,178,290,233,315,180,228,212,181,310,258,224,166,166,150,44,4,17,29,13,15,8,6,8,16,27,29,42,58,24,34,20,22,21,20,17,23,20,46,45,47,59,98,151,184,127,120,105,72,84,91,129,73,142,72,113,126,136,204,166,141,171,176,156,183,185,152,238,220,218,203,155,171,107,168,111,181,124
파키스탄,공용,10,11,14,36,19,29,27,22,29,17,23,20,23,22,5,0,1,1,1,4,4,2,5,5,1,1,3,1,1,12,0,1,6,7,2,9,4,0,1,1,5,11,7,13,15,27,20,10,7,4,7,16,42,13,11,16,27,45,30,29,10,4,5,29,33,30,20,9,45,22,27,12,8,22,2,14,21
파키스탄,유학연수,193,463,256,66,62,61,114,340,321,64,79,81,181,236,138,11,44,26,13,10,4,2,3,28,43,160,81,109,14,8,9,43,38,6,9,24,51,141,55,130,116,42,68,254,201,29,33,41,106,281,205,18,47,57,119,250,208,49,49,61,134,378,214,53,40,52,133,385,230,60,62,78,160,393,326,75,72
파키스탄,기타,413,418,494,440,303,305,345,333,476,289,324,488,415,408,217,46,153,184,88,57,49,36,50,77,96,125,134,226,79,137,84,85,94,70,109,202,285,336,371,413,382,464,409,427,389,1129,559,539,430,503,592,456,519,546,494,593,395,654,394,681,678,840,677,597,637,607,651,816,639,395,491,459,552,762,454,611,557
방글라데시,관광,149,228,206,275,242,237,221,381,302,337,270,289,189,115,77,2,0,17,65,30,25,32,12,20,23,10,44,37,43,27,36,13,60,77,112,146,147,20,87,59,102,108,214,217,269,237,354,214,111,89,120,172,200,192,720,341,258,375,355,252,183,139,114,247,287,248,196,233,327,351,357,239,227,194,226,515,298
방글라데시,상용,126,83,148,137,102,144,135,142,167,179,163,148,110,85,8,0,2,4,4,1,2,0,0,0,1,0,1,1,1,4,0,3,5,7,14,12,9,10,9,27,45,47,56,57,68,74,80,29,38,51,51,57,82,59,56,68,70,141,100,62,68,56,52,95,98,83,72,79,82,115,106,80,69,72,57,73,82
방글라데시,공용,27,38,107,125,106,93,119,89,102,197,112,94,19,25,1,0,0,1,1,0,0,0,0,0,0,0,3,0,0,1,0,1,1,14,4,0,32,8,6,7,33,23,20,29,83,64,79,14,7,22,24,22,47,44,136,62,63,118,73,41,19,25,17,51,65,65,33,63,70,36,46,39,19,31,22,68,41
방글라데시,유학연수,97,265,230,49,30,41,72,271,185,46,66,52,95,149,133,0,21,48,23,39,4,1,2,1,4,6,181,61,25,6,3,20,17,1,17,56,55,170,203,36,21,10,62,301,150,18,21,20,106,297,326,18,47,36,141,364,291,51,40,60,175,524,355,39,54,59,143,565,463,46,78,90,187,556,455,72,42
방글라데시,기타,848,1042,1013,732,745,745,649,985,1124,956,675,1014,886,622,347,9,149,99,152,208,182,184,198,131,136,93,199,100,169,116,134,108,66,148,197,382,477,481,593,988,894,1025,962,1355,825,835,1328,1507,1040,983,1241,892,1369,827,1087,1373,895,1551,834,1340,1210,1567,1479,1176,1471,965,1730,2068,1650,1218,1148,1250,1267,1812,1070,1143,1362
중  국,관광,320113,324291,369165,410542,413949,395196,439699,451570,432018,476460,426849,433577,393336,49520,5040,522,179,246,258,212,481,367,382,411,455,420,1360,1590,1233,1243,1031,1011,1264,1366,1700,2151,1641,1194,1480,1857,1703,3234,5960,5986,8107,9311,10331,15719,12343,8813,29883,75815,87807,128482,179763,174012,199800,183449,172299,209361,233052,248966,305028,351071,326583,333707,395344,395471,329446,321087,234668,249519,309690,231612,326978,378953,405588
중  국,상용,2993,2694,3933,3575,4034,3743,3587,3625,3873,3967,4020,3951,2813,715,115,71,70,140,236,264,260,243,327,213,162,221,316,378,305,324,277,270,354,322,382,283,170,381,303,318,419,532,759,795,966,1273,1377,1026,845,1340,2409,2380,2858,2472,2801,2849,2806,3412,2999,2585,2654,2520,3535,3614,3706,3774,3506,3683,3648,3801,3821,3279,2377,3818,4069,3770,4000
중  국,공용,138,143,414,362,534,399,356,388,447,547,545,682,99,11,2,0,2,0,2,6,28,2,5,7,4,4,3,5,1,6,16,31,8,3,6,5,8,3,5,3,22,14,19,10,76,25,15,64,44,27,222,214,280,219,221,265,236,379,321,240,93,115,237,430,474,540,298,379,382,580,394,224,80,149,269,377,389
중  국,유학연수,8793,38731,32532,9959,14003,14680,10847,44291,25545,12722,12822,13284,10433,20753,7388,1112,1189,751,617,6766,5717,1287,1285,768,271,4583,5487,1467,1093,984,1063,9031,7217,1639,1035,848,264,7881,5366,1034,1024,1239,1614,14610,9975,1072,1266,2093,2691,22250,16283,3291,8354,6773,7691,39348,19338,12594,9687,9619,7164,35771,31680,10150,16201,11758,10133,46050,28692,13883,15279,12790,7242,41653,35824,11835,20938
중  국,기타,60777,87520,81579,68812,67893,60989,64643,78238,79467,73999,61133,57383,75000,33087,4050,2230,3684,3914,8625,9027,8821,9578,7175,6588,6454,6754,11814,13390,11589,10385,11082,6760,10301,10705,9349,8404,7406,7293,7572,7018,8085,7722,9555,8847,10407,11259,11185,8465,9023,13454,24593,24267,28872,30089,34329,43185,41760,49649,36163,31870,37072,56347,50867,46066,48258,47546,49788,59976,60641,52879,43678,40975,45071,63628,49709,48295,53475
대  만,관광,86393,92276,96643,111505,100004,116323,112231,106682,100888,126421,100595,88881,108623,51881,274,48,31,40,47,41,60,34,42,34,35,40,55,47,64,33,47,64,63,69,61,58,64,50,49,122,178,377,943,3057,3719,10672,17063,28358,48543,46456,62629,76519,65745,96524,102600,97022,91552,96022,85205,79743,92626,94871,114512,116752,115839,143174,141615,146623,124888,132389,118328,117549,134439,117995,138666,150603,148871
대  만,상용,74,105,64,73,84,84,75,73,112,81,89,79,95,52,6,8,8,23,34,39,29,57,42,44,10,23,45,31,44,19,31,24,26,60,75,31,35,42,54,121,181,270,474,330,343,260,267,224,190,224,285,201,209,180,192,103,70,73,66,73,62,88,51,74,68,72,73,76,86,54,76,78,63,89,82,100,90
대  만,공용,22,20,12,13,11,24,22,17,14,10,11,13,20,11,1,0,3,6,2,3,0,4,1,0,5,0,5,0,2,2,3,0,1,0,1,3,6,1,3,0,6,1,12,1,5,6,10,7,11,8,11,7,12,9,13,10,8,13,12,8,15,13,7,20,7,5,18,13,11,12,9,9,25,14,21,11,10
대  만,유학연수,180,908,460,147,234,719,184,1088,300,135,225,267,285,393,125,12,33,39,27,369,49,36,62,23,37,205,29,21,66,33,21,312,33,27,64,16,19,531,59,26,110,104,50,687,148,65,196,178,266,910,257,113,271,223,252,1096,290,198,253,283,248,1055,410,147,372,320,304,1179,403,177,334,380,227,1139,529,213,499
대  만,기타,1285,1250,1331,1334,1446,1287,1075,1413,1444,1297,1321,1139,1331,705,179,87,114,132,195,203,191,168,152,163,166,176,192,179,173,188,202,201,171,185,174,182,185,233,245,236,311,256,277,326,340,355,378,299,467,372,322,347,417,429,509,623,491,539,605,526,638,677,598,613,670,684,711,844,742,801,758,680,680,778,719,686,802
필리핀,관광,14279,15541,21542,43794,29015,22430,13795,13342,18539,37353,26966,28484,15002,12730,2048,438,725,1700,2883,1080,1770,2123,2228,2366,1668,2026,2166,1704,2398,2649,3515,3721,2932,3497,3391,3287,2370,2447,3488,3280,4103,6409,8185,6940,9162,16511,14176,18614,8637,7880,12027,19543,12209,14584,11497,10364,13415,23919,21796,24367,12554,12493,29827,27012,21317,24327,15005,13547,19355,36291,33457,35560,20459,19875,27592,40452,30149
필리핀,상용,211,171,166,228,201,174,160,144,203,195,172,117,155,69,13,1,1,6,6,2,3,4,9,4,6,19,3,10,5,6,9,10,17,5,11,2,13,15,17,34,49,125,245,217,198,372,289,160,249,229,410,517,669,420,416,340,393,688,617,310,418,325,547,518,569,532,491,466,535,702,593,372,414,437,640,555,529
필리핀,공용,161,57,119,167,176,166,171,157,196,220,203,106,169,89,33,5,12,9,28,13,8,9,38,19,31,8,14,10,18,15,36,37,38,42,47,21,37,45,18,50,118,106,98,133,91,138,218,108,137,68,114,188,162,270,194,168,197,231,212,143,147,82,135,133,179,235,192,216,179,189,265,146,214,154,143,212,196
필리핀,유학연수,184,189,108,45,56,80,121,305,121,55,59,69,211,177,67,6,4,4,4,19,2,28,28,2,3,17,45,15,1,1,3,50,32,1,2,3,12,36,19,65,27,43,44,293,66,24,33,36,179,206,83,39,50,71,129,334,87,73,74,75,223,278,134,51,75,81,127,336,121,57,76,74,186,283,93,47,94
필리핀,기타,15638,13336,16766,22291,21121,17898,14827,27869,17193,17571,14339,14505,15165,7267,2378,680,797,1263,7245,6248,6702,6877,7397,7327,6379,5936,7040,6659,6526,6901,6684,7133,6726,7138,7736,7828,6931,6495,7855,8709,9822,8456,9574,9721,8674,9921,9247,5163,6557,5985,12101,14971,15004,14048,13979,12853,13083,18387,16520,10351,13566,12689,24238,22931,22546,19716,18817,20660,20088,21485,16208,13272,15467,16940,22505,28127,29591
홍  콩,관광,34653,49695,44679,75074,55756,60526,57868,64438,44708,64439,57442,70638,65837,20369,173,17,6,13,15,10,9,7,3,7,11,4,3,3,7,3,14,12,13,25,31,37,18,17,23,33,81,297,1084,1679,3002,11050,14409,26623,26243,15534,26631,37774,28111,31356,38973,42213,29883,40772,37523,42280,25272,34605,48591,42209,45286,53960,57746,61101,39370,52012,46305,58186,43846,29467,43432,64140,50784
홍  콩,상용,59,54,61,47,56,46,50,74,49,63,76,49,51,24,4,2,5,11,8,14,21,9,8,15,14,17,12,5,16,7,20,13,23,40,20,24,14,9,32,65,103,143,61,33,53,71,74,75,54,49,86,37,50,29,44,44,38,47,45,38,38,41,42,40,33,51,48,46,47,34,53,36,31,52,37,59,40
홍  콩,공용,2,3,5,2,2,2,1,6,7,4,5,3,8,2,0,0,0,0,0,0,0,0,1,0,1,0,0,0,0,2,3,0,0,0,0,1,0,0,0,0,4,0,3,1,0,1,2,5,0,1,2,3,3,3,2,4,1,3,4,2,1,2,2,1,0,2,1,0,3,3,2,3,4,5,4,4,5
홍  콩,유학연수,90,489,265,90,147,280,212,474,256,76,208,185,171,284,51,8,2,22,14,124,56,20,59,21,7,84,50,14,40,25,13,140,62,20,37,22,11,207,69,20,72,164,31,272,93,23,79,122,118,422,164,39,144,157,155,425,187,112,151,148,125,447,233,104,172,161,196,398,281,94,145,178,130,463,275,101,201
홍  콩,기타,1092,1071,1058,891,1065,874,905,966,891,962,869,876,895,287,34,8,11,16,41,19,29,23,18,16,28,24,24,16,32,42,44,32,29,32,31,29,33,39,26,22,47,58,58,58,77,71,157,321,362,231,272,285,309,329,353,345,315,441,329,309,319,363,367,300,299,275,314,319,332,296,261,267,267,283,282,287,333
태  국,관광,34004,32074,45605,61999,45671,30596,30132,24857,28877,58290,43160,49231,31232,25382,1059,107,25,92,189,185,197,152,120,94,92,60,70,84,162,143,84,77,118,149,177,214,173,276,234,2581,7281,15045,14375,8710,11199,31421,25755,37694,22188,24152,38953,50612,27154,21097,16277,12968,19464,42202,26583,29579,16117,17604,28658,38540,24114,15932,13682,11036,13582,35236,23455,27784,14871,14614,22975,35589,23656
태  국,상용,37,56,66,53,61,61,58,50,54,56,46,53,44,32,21,1,7,0,6,9,8,2,4,4,5,2,3,6,3,1,8,6,4,15,27,18,16,25,24,51,41,44,57,52,75,123,78,62,58,61,67,74,86,70,73,70,73,112,68,83,76,74,102,109,120,91,81,72,93,120,100,86,71,72,95,99,97
태  국,공용,199,180,397,401,445,308,230,318,411,344,404,224,110,200,11,7,0,0,1,1,6,5,5,3,4,13,4,1,4,2,12,12,3,11,17,12,22,21,15,19,27,68,72,70,90,103,109,58,64,191,345,216,659,500,419,383,608,403,350,115,103,246,287,388,506,513,434,402,559,411,427,112,113,246,281,363,525
태  국,유학연수,96,332,136,55,71,115,108,423,133,59,94,119,126,185,124,5,13,14,8,113,16,14,41,5,5,101,29,7,31,16,8,205,31,9,109,37,34,281,71,26,111,90,59,455,129,36,97,114,127,361,158,54,110,114,127,420,170,63,102,123,134,391,217,56,128,181,145,465,170,53,149,127,164,396,265,77,147
태  국,기타,6998,6578,6896,7218,6412,6604,6750,7182,6577,7129,6294,6223,6954,5978,1156,179,150,207,405,473,296,287,221,277,522,229,368,407,428,766,593,300,689,713,570,523,863,889,1108,987,1312,1575,2245,1769,1822,2745,3277,3098,3386,3377,3561,3475,3588,3242,3288,3538,3369,3702,3061,3549,4086,4032,4254,3981,3855,3433,3714,4800,4464,4347,4789,4633,5228,5270,4326,4561,5055
말레이시아,관광,19043,24047,37653,40894,28485,22652,14055,16892,25123,42624,46613,55329,24541,15459,289,29,2,24,12,21,12,59,28,45,12,42,32,6,10,41,45,42,23,56,220,169,131,76,103,803,1858,2689,2915,3318,5252,11160,11788,19231,9354,14448,21693,23955,19642,13854,9295,12877,19833,30817,28379,30798,14389,26818,22778,29408,24621,13445,9549,9614,26542,34366,27871,28767,23331,22010,21936,28045,24654
말레이시아,상용,95,136,107,120,116,121,124,115,166,160,124,119,101,68,4,1,8,5,6,10,11,6,14,18,13,15,22,15,19,13,17,15,9,29,43,14,24,38,48,36,33,40,57,48,68,71,82,70,67,55,79,81,95,72,73,62,57,97,97,90,78,92,84,115,105,130,91,105,128,106,103,133,101,119,113,147,118
말레이시아,공용,7,2,7,4,1,5,8,13,5,13,8,3,1,8,1,0,0,2,0,0,2,0,0,0,1,0,5,1,2,2,0,1,32,5,5,4,1,1,0,0,1,1,3,10,1,2,4,3,8,9,6,8,7,7,11,8,12,11,12,12,15,11,3,10,13,10,15,12,21,16,28,16,17,16,12,18,14
말레이시아,유학연수,99,604,286,27,57,139,128,690,251,49,70,89,139,430,102,61,8,6,7,95,43,18,12,3,12,171,34,8,20,12,38,247,32,12,31,9,28,529,74,16,31,38,52,598,95,11,35,54,128,464,167,20,53,57,128,688,131,56,58,67,152,552,177,37,58,79,127,739,227,43,88,84,165,613,282,77,94
말레이시아,기타,2821,2695,2736,2681,2558,2621,2516,2810,2475,2508,2467,2224,2767,2576,494,61,72,84,111,150,118,97,114,195,199,166,240,222,202,255,252,261,252,294,284,255,373,343,399,425,509,647,772,852,938,1105,1204,1355,1501,1510,1624,1615,1747,1809,1849,1887,1834,2340,2019,2139,2279,2043,2252,2423,2583,2474,2493,2443,2429,2519,2533,2394,2574,2403,2437,2524,2536
싱가포르,관광,8372,8228,20524,21814,18448,23162,9392,11003,16137,23070,25865,40707,9157,4592,159,17,6,5,1,7,3,8,13,8,3,4,10,7,13,3,12,34,53,80,1924,3217,993,956,2018,3381,6043,9549,6747,6182,13621,23306,31319,48860,11591,10484,32525,29560,28700,33638,11547,13107,25145,32798,42723,54572,12289,13518,37013,30684,35399,32353,12300,15374,24258,39014,41856,59721,16019,13806,34726,36300,35939
싱가포르,상용,94,114,161,116,152,128,138,206,137,199,162,112,80,49,5,5,10,9,11,14,22,33,41,20,21,17,29,16,14,7,20,29,43,53,180,81,53,71,90,152,224,264,237,309,310,471,444,405,249,273,430,314,241,161,131,120,137,210,146,147,117,92,180,138,149,132,116,99,111,138,116,102,64,94,104,116,119
싱가포르,공용,8,6,7,1,2,11,6,8,13,8,6,13,7,3,6,3,0,1,0,0,0,0,0,0,1,1,3,1,1,0,5,1,0,11,9,2,7,1,2,3,5,3,13,5,5,1,6,0,6,6,13,19,40,13,35,10,25,24,20,8,8,15,5,8,11,13,14,15,27,19,27,17,4,28,35,11,29
싱가포르,유학연수,48,257,49,19,71,50,43,367,63,37,88,76,54,132,13,3,3,2,0,22,5,2,9,4,3,24,7,1,5,8,1,42,6,1,13,5,5,182,12,3,16,9,15,217,23,7,21,33,38,224,32,15,58,47,48,276,38,34,53,47,27,200,46,25,65,59,60,255,29,19,40,49,36,220,51,17,76
싱가포르,기타,1333,1187,1364,1357,1441,1392,1413,1424,1395,1405,1425,1308,1440,1133,36,20,30,33,32,81,67,91,153,349,58,46,34,76,44,77,99,99,96,216,288,371,287,279,328,266,488,637,820,854,903,976,1422,1413,1432,1186,1337,1236,1518,1518,1587,1557,1584,1644,1514,1623,1595,1457,1605,1626,1682,1577,1578,1552,1581,1651,1543,1659,1452,1337,1454,1509,1571
인도네시아,관광,14183,12172,18857,22596,11464,19928,11279,8337,11858,20527,18189,23216,14336,12155,1030,572,581,707,1347,557,1078,1250,1258,1690,976,1034,1201,1280,1514,1356,1771,1470,872,1167,1369,1794,1294,1026,1214,1314,2160,3035,4007,3735,4842,10146,9730,14585,8320,8754,12504,16958,14032,12610,11258,9338,10505,17976,16402,18945,10840,9863,12223,23677,16244,13480,10142,7524,12252,20654,17189,24232,17161,13028,20129,20200,16783
인도네시아,상용,136,147,242,225,154,182,146,103,149,137,142,126,98,47,6,2,3,0,6,8,10,1,4,6,3,1,4,4,4,4,8,3,8,14,5,6,1,8,13,18,25,24,44,63,67,92,97,95,64,87,158,154,115,157,141,159,178,174,216,147,104,132,175,254,233,224,232,179,216,256,288,218,151,198,264,224,201
인도네시아,공용,38,72,135,207,152,346,255,262,317,285,407,216,46,80,7,5,5,0,2,1,17,0,26,32,7,0,9,22,31,16,7,2,6,15,36,21,1,8,6,43,83,165,251,82,134,272,331,149,86,109,161,117,374,216,304,255,318,544,503,273,103,86,101,170,357,411,329,306,404,409,261,164,50,69,42,136,151
인도네시아,유학연수,187,697,277,54,75,223,230,814,279,84,109,117,231,374,373,83,9,9,21,282,64,24,23,12,74,436,83,28,34,32,39,156,101,4,15,120,70,711,163,48,57,128,157,1095,242,74,81,110,190,901,202,59,124,108,264,1225,260,145,161,118,255,980,290,102,132,189,284,1445,327,94,157,187,234,1007,327,115,176
인도네시아,기타,4298,5027,6115,8345,7091,7201,6350,8694,6706,7461,4913,6041,4732,3144,2344,1202,1154,1369,2713,1982,2227,1955,2412,3050,2133,2072,2296,2346,2506,3121,2686,2544,2042,2026,2504,3125,3184,2672,2838,2908,3318,4913,4539,5060,4059,4166,4060,2937,4178,4305,5495,5993,7886,8823,5967,7561,5582,11504,8361,8225,7972,8405,13316,14721,14773,14833,11831,14849,14039,12925,11205,8942,9920,10272,11563,15905,17354
중 동,관광,7748,7267,13177,14656,10761,15108,15876,14471,13099,15321,12746,10050,8929,5980,492,9,19,58,122,77,73,80,75,101,74,79,143,117,172,207,311,277,272,513,385,321,266,272,468,1828,4720,7090,7016,5842,6263,7983,8727,5939,4004,4072,8378,9841,10353,10312,12414,10336,10894,11118,9314,6918,6770,6142,9295,15973,12633,14414,15032,12951,12212,15542,12010,7455,6563,6304,14115,20329,15027
중 동,상용,931,1174,1494,1210,1195,1353,1091,971,1467,1668,1267,988,897,1158,92,15,12,23,42,91,97,135,105,119,103,123,201,292,290,317,323,354,313,694,638,455,360,432,442,463,461,496,674,835,1081,813,959,692,668,857,970,755,1060,1010,1173,1019,1126,1252,1124,890,1064,1103,994,1088,1251,1177,1083,918,1094,1446,1146,1062,941,1050,800,1218,1123
중 동,공용,75,93,129,210,108,206,74,115,121,124,91,79,31,17,5,2,6,9,17,13,8,15,34,7,12,14,12,10,22,27,42,141,52,210,102,81,30,46,147,44,65,39,73,71,50,54,119,20,45,38,51,58,73,117,87,77,102,155,85,36,84,75,73,79,76,89,56,61,124,77,103,94,66,45,78,59,100
중 동,유학연수,703,2249,1291,213,327,494,592,2707,1972,323,485,436,1007,1696,445,13,16,56,119,229,212,24,68,44,90,512,597,658,280,179,223,1383,446,67,95,98,390,1251,271,160,257,447,685,3317,2102,363,339,480,1092,2362,1378,216,343,462,891,2853,2340,436,446,690,1359,3081,2103,347,465,699,1074,4071,3800,351,605,847,1581,3738,3329,444,625
중 동,기타,5655,6095,6759,6379,5578,5913,6247,6853,7419,6928,5603,4890,6356,5998,1052,95,98,746,1440,819,1083,960,886,896,1231,1492,1681,1975,2049,2539,2772,2252,2875,2446,1716,1614,1711,1855,2492,2697,4030,4433,5356,6082,5875,5572,5225,4224,5186,5182,5333,5501,5404,5512,5894,7116,6835,6221,5609,5136,6403,6648,5780,6212,5733,5618,6326,7775,7202,6445,5836,5196,6720,6912,5915,6386,6128
우즈베키스탄,관광,1958,2165,3150,3270,3055,3429,3444,2707,3093,3668,3384,2341,2025,2074,89,1,0,3,8,1,1,1,0,5,3,4,7,12,4,7,21,26,29,42,38,21,21,20,104,34,47,625,803,840,828,893,841,596,530,491,671,653,906,953,1221,906,900,1088,899,718,575,524,522,662,762,771,1050,857,791,870,931,609,536,465,464,773,1037
우즈베키스탄,상용,561,716,896,651,830,862,600,590,853,968,709,532,474,700,19,0,0,5,7,0,2,0,1,3,7,1,11,64,26,10,14,32,52,112,114,95,84,66,37,45,33,52,64,119,108,130,265,142,168,166,216,178,220,247,348,308,338,461,468,329,499,452,407,431,537,487,402,246,335,379,464,410,348,371,325,386,457
우즈베키스탄,공용,0,5,0,4,3,5,1,9,1,1,1,7,7,0,0,0,0,2,0,1,0,4,4,3,1,0,0,1,4,4,4,7,5,12,50,71,7,0,10,17,7,9,30,10,4,0,0,2,8,0,3,3,0,2,3,7,2,3,2,1,9,0,3,0,3,2,1,1,5,6,5,5,6,5,10,1,3
우즈베키스탄,유학연수,407,1217,863,109,152,197,336,1379,1484,191,295,252,625,1141,260,1,4,22,66,8,99,1,0,5,6,86,423,596,202,96,165,609,212,40,28,30,262,670,161,80,135,289,504,2022,1709,276,173,285,762,1491,969,130,172,233,528,1388,1779,247,195,342,968,1842,1443,207,246,291,689,2096,2845,201,263,447,1151,2244,2458,208,236
우즈베키스탄,기타,2828,3046,3496,3344,2799,2802,3024,3298,3625,3547,2787,2329,3004,2973,414,5,6,201,688,54,312,196,90,158,378,524,489,771,904,1417,1335,814,1318,988,626,706,629,819,1198,1278,2053,2177,2596,2790,2728,2462,2262,1744,2351,2496,2430,2321,2269,2388,2555,3326,2948,2881,2565,2297,3008,3303,2391,2748,2362,2378,2794,3538,3317,3045,2751,2315,3302,3383,2572,2724,2648
터  키,관광,792,664,1369,1687,1334,1613,1684,1625,1561,1649,1664,1322,952,520,114,2,4,12,55,34,38,18,8,18,5,10,50,29,7,34,63,61,46,89,45,56,79,38,74,799,1317,955,695,739,754,1092,1177,830,627,514,997,1898,1402,1843,1715,1624,1987,2068,1759,1153,974,948,1962,5259,2555,3532,2971,3003,2868,3377,2198,1348,1291,1175,4134,5848,3593
터  키,상용,13,13,15,12,12,6,18,17,21,11,15,13,20,11,2,1,4,3,5,22,3,9,16,10,8,14,27,14,5,11,5,9,7,26,18,12,10,16,13,22,8,8,13,19,12,9,13,8,12,13,23,20,13,16,13,17,20,14,11,12,20,12,12,8,17,10,13,20,15,20,12,10,12,15,13,17,16
터  키,공용,32,29,73,142,78,137,34,45,61,56,56,37,8,8,0,0,1,1,2,8,1,5,6,0,6,5,0,0,2,0,0,0,5,26,4,2,5,1,1,6,6,3,2,7,7,6,2,8,6,8,11,21,12,13,27,27,11,40,16,9,27,8,17,21,25,10,13,14,52,9,18,14,8,11,15,13,21
터  키,유학연수,36,151,38,13,45,37,34,212,37,14,32,26,33,98,21,0,1,3,1,71,37,4,15,7,11,72,19,0,16,20,12,156,20,4,6,23,15,160,28,8,21,28,37,198,56,22,45,32,37,147,52,14,30,38,56,218,76,25,48,46,52,167,76,20,54,61,103,264,93,22,64,45,69,227,122,38,94
터  키,기타,912,908,1037,972,1023,1042,1192,1116,1122,1163,1114,1107,1195,1147,105,23,16,115,208,304,302,272,311,350,293,275,381,320,366,350,401,452,319,444,340,322,389,325,458,557,668,600,835,975,908,1022,901,1009,1003,925,1094,1228,1125,1029,1201,1057,1105,1096,1034,1092,1113,981,1222,1233,1211,1103,1148,1188,1119,1117,1029,1150,1081,967,1156,1184,1196
이스라엘,관광,727,694,1549,2161,1331,879,1274,1029,1779,2729,1369,788,723,329,61,1,0,1,1,0,0,0,1,3,1,0,2,1,16,10,12,8,3,73,30,16,7,9,38,193,406,389,435,412,1119,1348,815,400,337,343,1509,2226,1525,1000,1088,1377,1817,902,362,269,417,334,1001,1582,1511,867,1070,1147,1560,2743,1301,516,425,599,1975,2993,2139
이스라엘,상용,12,15,11,11,9,10,8,10,11,12,7,9,13,4,2,2,2,2,1,7,3,5,21,3,4,0,2,19,11,23,14,2,16,31,35,36,13,18,33,15,6,11,6,3,5,8,5,3,9,5,6,5,8,2,7,7,4,6,5,10,7,3,6,7,6,4,6,3,9,6,5,5,5,10,5,7,14
이스라엘,공용,0,1,1,0,0,1,4,1,1,5,2,2,2,1,0,2,1,0,0,0,0,0,0,0,0,0,0,1,9,0,6,0,0,1,4,0,0,0,1,0,0,0,0,1,1,0,0,0,0,0,0,0,2,0,0,2,14,4,5,7,2,3,16,6,4,8,5,7,19,12,12,24,2,7,16,15,12
이스라엘,유학연수,9,14,1,2,3,1,4,17,3,3,3,5,5,8,3,0,1,0,0,11,1,0,4,4,1,6,0,1,4,2,1,17,1,0,5,0,8,18,2,1,5,2,2,26,2,4,4,6,9,14,3,2,5,3,4,34,7,2,2,4,4,19,6,2,6,6,4,36,5,2,5,8,8,19,6,2,9
이스라엘,기타,57,37,51,47,66,49,30,53,43,71,46,35,60,10,2,16,0,10,3,18,9,31,33,25,13,12,33,71,49,69,75,92,25,78,60,38,82,48,33,32,28,42,32,39,47,49,27,27,39,35,28,38,86,31,52,51,39,26,20,28,25,27,43,50,37,33,44,49,39,48,40,17,40,40,27,35,33
이  란,관광,60,99,195,148,146,252,178,348,281,334,279,114,57,35,9,0,1,1,0,0,0,1,0,0,3,0,2,2,3,1,3,3,6,12,24,4,12,10,57,43,91,124,60,145,136,339,197,78,36,30,160,86,201,134,144,150,335,235,160,100,71,66,382,189,249,228,188,491,298,182,191,112,98,43,525,376,218
이  란,상용,45,67,95,79,62,52,57,29,63,87,49,69,44,25,1,2,0,0,2,3,0,2,2,0,0,2,0,1,0,1,2,1,1,1,2,0,1,3,1,2,5,12,48,49,64,30,46,54,37,33,36,70,37,45,44,40,40,57,25,74,37,29,52,47,21,39,53,42,39,35,29,31,19,24,32,20,25
이  란,공용,10,5,8,5,5,8,11,7,8,21,4,5,1,1,1,0,2,0,0,0,4,1,0,1,0,0,1,1,0,0,0,1,0,0,0,0,0,4,0,0,3,1,2,14,3,8,3,0,0,8,1,0,2,5,2,2,10,16,7,3,1,1,2,6,16,2,1,5,8,6,8,4,3,0,2,0,17
이  란,유학연수,23,64,30,12,13,16,26,63,42,10,26,20,20,56,12,6,2,1,3,37,16,2,11,5,5,35,16,7,11,8,4,56,13,5,13,20,20,61,15,4,9,11,22,51,41,6,16,11,16,38,14,8,13,19,25,62,32,17,19,22,24,73,30,9,11,23,27,111,34,12,21,16,21,78,34,12,16
이  란,기타,46,94,54,54,45,56,46,79,52,49,44,45,54,43,11,5,3,4,7,15,23,14,12,7,15,10,22,4,10,6,13,35,23,13,19,19,28,34,71,18,30,42,51,41,43,39,58,42,35,30,34,23,34,34,54,62,51,48,37,30,47,43,33,38,47,36,51,55,56,44,38,28,44,39,40,36,38
카자흐스탄,관광,2185,1924,3202,3129,3349,3472,3612,2810,2956,3348,2541,2415,2815,1773,144,4,8,34,27,24,17,32,35,25,17,23,40,47,65,42,71,47,53,66,51,73,33,58,69,408,2044,3594,3049,1751,1531,1737,2488,2258,1384,1340,2585,2439,2747,2757,3543,3147,2744,3196,2506,2199,2453,1910,3992,3189,3356,2925,3651,3285,2838,3643,2800,2099,2268,2162,4586,4628,3799
카자흐스탄,상용,24,21,11,20,15,13,11,14,17,10,8,8,21,13,4,0,1,1,0,3,0,2,0,1,0,1,6,1,2,2,4,1,0,0,1,0,2,2,3,3,5,11,5,11,11,25,10,19,11,12,20,10,14,17,11,21,12,16,18,13,14,24,24,20,20,16,20,18,17,15,17,17,22,14,9,17,21
카자흐스탄,공용,7,3,3,11,9,2,4,20,2,10,5,2,5,2,1,0,0,3,0,0,0,0,2,0,2,1,4,0,0,2,1,87,0,27,8,0,2,0,1,8,10,4,2,9,5,10,7,4,4,2,10,13,3,3,5,11,26,20,17,1,4,16,3,4,10,12,1,12,9,10,18,11,9,4,9,5,12
카자흐스탄,유학연수,92,404,178,17,38,98,81,611,179,30,37,57,130,171,95,4,2,11,7,30,22,4,5,13,45,208,56,27,20,25,12,269,134,2,6,4,31,143,19,26,49,70,61,575,139,14,38,50,108,372,135,14,43,77,113,639,246,35,46,100,151,497,228,29,40,77,106,868,285,24,76,104,160,620,340,73,110
카자흐스탄,기타,1266,1422,1521,1441,1174,1244,1245,1493,1755,1378,1106,906,1354,1245,323,7,15,282,367,272,219,195,257,213,388,504,537,552,484,447,623,464,717,469,286,188,177,247,326,384,859,1053,1202,1312,1369,1139,999,802,1137,1055,1033,1107,1010,1111,1214,1514,1589,1259,1100,940,1285,1365,1203,1167,1132,1308,1356,1937,1683,1316,1205,978,1548,1485,1323,1321,1287
요르단,관광,66,70,112,170,88,191,139,130,144,204,162,91,75,69,13,1,0,0,4,3,3,0,1,0,2,1,4,2,4,3,3,6,3,6,18,4,4,0,7,3,16,62,43,27,44,112,69,46,19,41,38,42,79,96,113,91,61,126,98,46,34,44,43,76,108,90,118,119,144,138,123,42,47,45,120,81,110
요르단,상용,58,73,72,78,37,85,75,52,89,88,86,56,51,50,6,0,2,6,14,29,31,30,18,31,21,25,37,19,22,22,42,48,47,53,28,25,44,54,59,17,41,76,52,69,104,76,57,34,44,71,54,34,102,69,83,46,99,87,65,67,47,44,46,61,103,57,78,78,78,71,68,77,46,89,28,86,73
요르단,공용,2,0,5,1,0,10,4,5,0,0,0,5,1,0,0,0,0,0,0,0,1,0,0,0,0,0,0,0,0,1,0,2,4,4,2,0,1,0,0,1,3,0,1,3,10,3,1,0,0,1,0,2,6,2,1,6,3,3,1,0,2,1,0,1,1,0,0,0,1,2,0,4,0,0,1,1,1
요르단,유학연수,4,15,6,4,2,3,6,22,7,1,3,3,7,14,4,0,1,0,2,8,2,0,1,0,1,6,1,1,2,0,1,14,5,0,3,1,3,10,5,1,1,1,2,17,1,2,5,3,2,11,5,2,1,2,3,19,8,2,2,0,3,14,5,0,2,3,4,15,7,1,3,1,4,15,8,0,2
요르단,기타,53,47,49,40,27,35,31,33,34,47,26,38,46,35,22,6,12,7,22,27,10,24,15,13,11,18,13,15,18,19,29,28,34,25,14,16,19,32,20,11,17,27,25,47,56,27,32,14,27,39,34,22,40,52,43,50,55,37,46,44,39,29,45,32,37,37,54,74,61,43,46,39,43,44,40,37,59
사우디아라비아,관광,367,317,563,928,288,2597,2053,2368,858,716,778,548,778,200,10,0,0,1,4,0,0,1,1,0,1,0,0,1,4,3,6,1,1,11,10,5,4,1,1,9,290,498,715,906,797,1007,1855,478,244,457,1147,1049,1521,1475,2254,1100,1287,1341,1661,975,824,951,422,2097,1669,3576,3180,1340,1440,1645,2300,808,697,689,674,1888,1783
사우디아라비아,상용,22,15,7,11,4,12,3,10,16,17,15,28,43,28,4,5,0,1,0,1,1,28,4,3,2,1,1,7,21,16,14,40,26,74,33,38,16,17,26,32,58,16,32,26,19,15,21,26,27,25,16,8,17,12,10,9,13,25,9,19,32,29,27,34,34,39,40,45,51,56,35,46,66,55,40,63,66
사우디아라비아,공용,3,2,1,6,0,11,5,10,2,4,2,10,5,2,1,0,1,0,1,0,1,1,0,2,0,1,1,0,1,1,15,3,4,31,2,4,2,10,22,1,18,4,16,5,10,4,54,1,2,6,17,5,24,48,31,6,18,46,13,4,15,27,10,13,3,28,22,3,5,3,13,12,13,7,13,4,11
사우디아라비아,유학연수,61,133,71,20,34,86,32,112,69,43,52,34,94,59,13,0,2,13,10,4,11,8,25,4,13,38,10,0,4,0,7,39,9,4,18,12,17,44,12,4,20,9,25,74,17,22,28,27,74,46,51,28,44,28,39,81,29,42,66,23,36,77,48,42,28,35,32,80,66,33,64,43,40,101,43,55,46
사우디아라비아,기타,65,75,51,45,16,227,47,103,64,50,32,39,137,29,1,11,3,37,12,5,23,67,20,1,16,49,43,10,26,20,28,51,18,82,105,117,88,85,74,22,28,25,56,174,97,119,284,128,158,105,151,138,180,132,149,204,147,158,185,170,195,139,116,163,157,128,58,70,45,35,56,31,39,44,19,39,14
이라크,관광,40,77,138,145,41,180,141,68,165,190,86,84,58,54,5,0,0,0,2,6,6,1,6,2,3,4,2,1,0,4,3,57,1,10,15,1,0,5,0,43,3,31,46,44,34,72,38,36,17,8,52,44,50,87,108,76,135,105,44,31,9,76,44,90,40,81,120,112,63,172,96,42,35,48,125,126,105
이라크,상용,72,89,130,113,73,64,138,97,134,110,116,96,83,70,18,0,0,0,7,17,40,44,34,45,41,37,37,33,46,43,47,47,48,34,42,54,26,51,73,75,83,68,76,88,74,111,115,76,75,52,79,56,78,79,89,104,132,95,125,70,97,116,95,92,117,100,110,95,99,92,96,79,77,107,86,118,91
이라크,공용,1,3,0,1,1,20,0,2,31,0,0,1,0,0,0,0,0,0,0,3,0,0,3,0,0,5,1,0,0,0,0,0,1,0,0,1,0,0,9,0,0,0,2,0,0,2,1,0,6,6,0,2,0,21,0,5,3,1,0,0,10,8,7,0,0,0,5,7,2,4,2,2,5,0,1,1,0
이라크,유학연수,2,16,2,2,2,2,8,17,3,0,2,3,8,8,2,0,0,0,2,7,1,1,0,0,4,6,2,1,0,0,1,9,4,2,0,2,7,6,4,1,1,1,1,13,1,1,1,3,6,8,6,1,3,4,3,10,5,2,0,2,6,10,3,1,0,3,2,12,4,0,1,0,4,5,3,1,1
이라크,기타,11,9,16,9,10,8,12,17,9,4,8,4,7,10,1,0,0,2,9,3,1,3,3,1,2,1,2,4,2,1,4,20,21,3,1,3,6,15,6,5,4,4,11,13,17,14,2,9,8,14,15,5,7,14,19,15,13,11,18,10,20,20,14,10,13,9,11,19,7,36,6,7,10,26,9,28,17
미  국,관광,42989,38475,65448,83521,76044,86508,77224,62072,70634,82230,65116,58743,43866,26407,3995,1793,2996,3786,3823,3829,3562,3743,4164,3538,2242,1957,2839,3587,6687,7804,8246,5800,7718,9185,8907,5750,3127,3847,5733,19169,28486,41871,37516,31417,45126,58193,48323,46403,29312,29488,68109,90404,82657,103113,83754,60541,77561,93949,73873,58272,41299,42206,96895,102397,99757,129522,97896,76222,86051,117442,86644,72370,50542,50441,108594,129889,108690
미  국,상용,418,386,400,352,368,367,359,450,421,421,349,365,495,219,47,32,33,44,53,66,70,64,57,53,85,35,35,50,50,59,94,90,77,67,71,69,159,50,62,113,160,136,191,210,200,209,206,202,333,153,269,254,280,243,252,300,234,359,241,240,340,226,290,254,275,265,238,285,281,226,231,219,300,261,257,244,270
미  국,공용,2578,1970,2221,3763,3153,3470,3486,3224,2736,2240,2519,3436,3712,2200,598,227,186,394,1092,879,639,563,632,619,814,544,679,684,920,1191,2082,2120,1320,1438,1244,1422,1447,834,1036,1321,2068,1653,2691,2290,1731,1431,2201,2407,2860,1936,2652,3261,2489,2896,3857,2745,2862,2334,2938,3249,2878,2419,4110,2600,3326,3699,4048,3469,2938,3021,2905,3837,3818,2558,2133,4329,3326
미  국,유학연수,229,1144,190,113,308,350,190,1552,186,157,402,355,286,848,79,7,9,8,28,257,22,9,43,11,82,464,29,9,60,175,118,1553,59,14,41,37,115,1406,50,17,111,102,106,1747,95,40,231,334,240,1610,136,117,369,304,241,1702,130,112,389,402,240,1506,190,157,558,438,261,2055,195,167,738,679,303,1716,272,139,743
미  국,기타,16523,15757,16016,14775,15942,14703,16169,19288,16842,16051,13852,14488,18896,12765,5851,4358,5511,5485,6926,8337,8133,7987,8204,7881,8790,8212,8739,8614,9561,8930,11235,10998,10053,10903,9860,9527,10722,9708,10087,10262,11665,11682,13438,14635,13283,13687,13900,14006,16375,13017,15264,14782,16120,14822,16719,17962,16138,19009,16057,16128,16997,16250,18470,17320,18778,17797,18431,20026,20230,20296,18464,18784,19299,17469,20861,18780,19295
에콰도르,관광,46,81,175,141,129,113,181,181,340,175,137,134,59,113,24,0,0,0,0,0,7,0,0,2,2,1,0,1,0,0,3,2,1,1,8,2,0,2,1,23,68,33,27,50,95,137,104,54,45,65,119,185,112,108,373,149,183,234,91,77,53,105,177,265,197,155,254,159,294,367,188,82,72,105,228,250,263
에콰도르,상용,0,0,0,0,0,0,0,0,0,0,0,0,0,0,0,0,0,0,0,0,1,0,0,0,0,0,0,0,0,0,1,0,0,1,16,0,2,0,0,1,0,0,2,0,0,0,0,1,0,0,1,0,0,1,0,0,0,0,0,1,0,0,0,0,1,0,0,0,0,0,0,0,0,0,0,0,0
에콰도르,공용,1,0,1,0,7,3,2,0,2,2,3,0,1,2,0,0,0,0,0,1,0,0,6,2,1,1,1,0,1,2,0,1,0,2,12,0,0,0,0,2,2,2,9,1,5,4,0,1,0,1,0,16,3,5,1,2,2,29,0,0,1,1,2,30,15,3,7,11,9,52,2,1,3,0,3,3,5
에콰도르,유학연수,25,42,16,5,6,4,22,60,11,6,9,8,19,21,10,0,1,0,1,17,5,0,2,0,8,15,4,0,5,0,2,29,2,0,0,2,7,27,5,2,3,2,6,38,4,2,1,3,15,27,5,2,7,8,13,47,5,5,9,4,15,21,6,1,5,7,12,42,8,6,4,6,14,23,17,1,5
에콰도르,기타,50,51,73,44,54,42,50,47,40,41,33,35,38,31,5,2,6,5,5,2,5,1,3,3,4,2,2,0,3,7,5,8,7,12,9,9,6,6,3,3,4,9,10,10,19,14,16,9,12,14,27,39,19,13,27,12,12,49,24,19,20,21,48,38,28,20,29,50,39,38,33,35,39,25,54,61,62
쿠  바,관광,0,5,1,27,9,31,53,7,15,7,56,3,1,8,1,0,0,0,0,0,0,0,0,0,0,0,3,0,0,0,0,1,0,0,1,3,0,0,0,0,2,0,18,4,0,7,4,2,0,0,0,0,17,0,9,3,4,1,2,0,2,11,3,6,11,18,4,41,6,50,5,7,0,1,8,6,8
쿠  바,상용,2,0,1,0,1,0,0,0,0,0,0,0,0,0,0,0,0,0,0,0,0,0,0,0,0,0,0,0,0,0,0,0,0,0,0,0,0,0,0,0,0,2,0,0,1,3,0,1,0,0,0,0,0,0,0,5,0,0,0,0,0,0,0,0,0,0,0,0,0,0,0,0,0,0,0,0,0
쿠  바,공용,0,1,0,0,0,0,1,3,8,1,1,1,0,0,0,0,0,0,0,0,0,0,0,0,0,1,0,0,0,0,4,0,0,0,0,0,1,0,0,0,1,0,0,0,3,0,0,2,0,0,1,0,4,2,1,0,0,0,0,0,2,0,0,0,1,1,0,1,0,0,0,0,0,0,0,0,0
쿠  바,유학연수,0,1,6,0,0,0,6,3,3,0,0,3,3,3,1,0,0,0,0,0,0,0,0,0,0,0,0,0,0,0,0,3,0,0,0,0,0,0,0,0,0,0,0,2,0,0,0,0,0,0,0,0,0,1,0,1,1,0,0,1,0,2,1,0,0,1,0,2,1,0,0,0,1,4,1,0,0
쿠  바,기타,4,2,4,5,14,4,4,5,8,6,0,3,6,3,3,0,0,0,0,1,0,1,1,0,1,1,0,3,2,1,1,0,2,0,3,0,1,3,1,0,1,4,3,2,5,4,6,3,3,3,7,9,4,4,3,17,3,2,2,4,1,3,3,3,0,49,2,5,4,6,6,1,1,1,3,4,5
캐나다,관광,8034,8888,14313,17275,15237,12012,11868,11304,13449,15841,13236,11377,8793,5834,1022,135,58,114,97,90,76,71,77,61,51,40,42,52,85,99,196,267,353,495,476,401,171,205,293,3012,4345,4482,5744,4613,8043,9772,7796,8052,5837,6009,13541,17503,15931,11897,14550,12344,15011,18312,15578,10765,9558,9817,18866,20708,20665,16349,19636,18179,18086,24132,14867,12493,9908,10333,20831,26719,23364
캐나다,상용,57,45,42,44,47,38,36,43,50,37,45,38,52,16,3,3,7,14,19,19,35,14,16,13,18,6,16,17,8,10,18,25,36,43,49,19,15,16,26,22,17,21,19,19,23,29,35,21,31,33,40,31,31,28,27,35,30,36,30,25,40,23,29,37,34,32,31,31,41,34,30,36,37,27,31,34,38
캐나다,공용,30,27,38,43,27,26,37,34,39,33,30,30,33,22,9,0,1,1,1,3,1,1,4,4,9,2,4,1,6,4,3,16,4,6,12,2,13,6,4,24,11,9,14,12,13,13,13,11,24,28,59,31,59,33,35,33,34,70,31,30,34,44,50,25,28,46,33,31,31,40,56,33,35,65,69,30,39
캐나다,유학연수,43,116,37,15,49,46,51,175,31,26,59,49,41,109,21,0,1,2,4,41,5,7,5,6,9,31,10,2,8,15,8,54,15,4,15,8,25,120,15,6,6,15,26,193,18,5,30,35,47,153,13,7,43,26,40,182,22,25,43,50,35,145,18,20,55,44,38,193,25,16,76,74,44,150,21,21,78
캐나다,기타,4296,4475,4240,3984,4079,4011,4111,5144,4644,4687,3492,3798,4890,3065,1350,284,628,796,727,1011,1209,1261,1192,1360,1401,1221,1260,1330,1600,1604,1942,1912,3314,3899,3687,3555,3229,2573,2343,2495,2674,2704,3068,3240,3020,3386,3285,3619,3930,2817,3213,3253,3806,3245,3691,3751,3759,4221,3706,3684,3733,3650,4099,4062,4041,3907,4161,4308,4688,4764,3936,4039,3951,3677,4066,4168,4268
브라질,관광,1136,881,1250,1752,1550,1481,1582,1587,2029,1896,1504,1561,1310,769,107,8,3,3,1,4,37,8,2,2,3,1,4,3,6,4,12,7,2,7,12,6,8,5,19,257,412,552,494,517,683,1143,794,871,702,651,1197,1739,1609,988,2423,1296,1468,2143,1669,1268,1269,1129,2416,2924,2372,1862,2184,1734,2161,3629,2543,2207,1963,1488,3493,3884,3003
브라질,상용,16,12,19,15,18,19,16,21,23,16,16,13,15,6,3,2,3,1,4,3,2,5,4,0,6,2,3,1,1,4,12,25,6,47,25,10,19,20,11,15,12,10,23,31,19,20,26,22,47,27,35,40,49,29,37,50,38,55,39,48,58,54,47,41,51,43,38,77,57,41,56,47,89,49,47,53,85
브라질,공용,9,13,15,16,14,23,10,13,17,13,12,8,13,3,4,0,0,0,4,2,0,1,0,0,4,0,4,0,1,2,2,7,5,7,2,4,1,3,7,2,2,3,11,8,8,6,22,8,7,2,9,5,2,7,18,6,5,7,6,4,11,4,0,7,5,24,11,37,21,17,38,6,8,9,11,18,11
브라질,유학연수,41,101,21,5,15,18,29,98,36,15,13,22,35,71,18,3,0,3,1,33,3,2,2,3,15,51,4,1,10,1,8,67,8,3,8,11,27,95,15,5,24,14,13,120,16,6,12,16,32,115,21,7,17,17,34,114,25,10,26,24,51,107,26,15,22,34,30,115,26,8,32,28,52,103,23,8,24
브라질,기타,403,347,368,424,457,383,342,469,393,512,371,329,428,339,159,39,47,40,52,59,58,65,66,99,116,98,102,86,87,97,115,114,88,115,108,123,141,134,140,119,125,137,198,207,189,251,284,257,321,232,337,379,387,423,422,485,375,571,418,337,466,370,525,537,575,478,433,475,494,479,438,307,376,321,438,548,533
멕시코,관광,1282,818,1663,2722,1934,1821,2669,1862,2506,2355,1835,1852,1478,878,150,12,20,21,28,43,38,44,41,44,36,25,45,40,48,65,52,41,66,68,96,54,37,39,67,316,367,403,497,498,858,1030,849,717,537,472,1111,2207,1402,1320,2555,1638,1889,2315,1678,1293,960,938,2752,2566,2082,2239,3597,7087,7449,9516,7246,4705,3474,3631,5700,9139,5637
멕시코,상용,11,1,7,7,3,7,8,11,3,5,5,6,7,1,1,0,1,1,0,0,0,0,1,1,1,0,1,0,1,1,1,0,0,0,2,0,2,2,1,2,1,2,4,2,4,7,8,5,3,4,15,6,6,6,4,8,7,11,5,3,6,1,6,6,4,5,4,6,8,4,4,6,10,4,9,8,9
멕시코,공용,7,7,1,7,13,3,4,12,12,9,7,1,15,4,2,3,0,2,0,4,2,2,2,5,3,1,4,3,3,3,3,19,4,5,7,2,7,14,2,6,3,3,5,7,6,6,6,6,12,2,10,7,6,3,11,3,9,5,10,6,4,1,10,14,11,9,3,4,9,8,11,10,12,5,7,19,6
멕시코,유학연수,38,207,18,15,68,47,81,235,27,24,84,62,65,135,26,1,0,1,2,36,2,0,6,2,18,78,3,1,7,1,18,161,23,3,9,5,30,203,16,3,7,12,31,313,15,4,18,71,77,183,23,8,40,58,63,234,27,9,40,56,69,200,24,13,47,65,45,296,47,13,41,69,94,231,35,19,66
멕시코,기타,515,402,512,547,547,483,491,689,490,485,477,461,548,525,209,39,48,71,121,153,144,177,298,266,225,224,217,245,307,156,170,200,189,178,165,169,179,187,212,185,208,129,108,91,195,251,224,195,171,189,275,283,270,175,226,244,210,286,253,162,189,179,274,328,299,231,252,783,820,905,711,697,636,715,798,792,836
칠  레,관광,360,341,396,624,528,332,327,298,564,530,355,217,331,413,41,4,0,1,2,4,1,0,1,4,0,2,3,0,0,1,1,0,2,3,4,7,7,3,5,65,73,121,138,124,223,319,255,191,201,242,382,489,367,327,1386,359,495,541,361,173,355,484,513,712,701,396,396,449,718,703,580,245,402,654,612,760,789
칠  레,상용,1,2,1,5,2,2,3,3,2,6,1,2,2,1,0,0,0,0,0,0,3,0,0,0,0,0,0,0,0,1,0,0,0,1,0,2,2,1,2,4,4,15,2,9,7,10,8,7,6,7,9,10,11,6,9,9,6,18,13,2,5,3,6,3,7,5,5,9,3,6,5,5,3,4,5,3,4
칠  레,공용,0,0,0,12,2,3,1,0,0,7,0,2,0,0,0,0,0,0,0,0,1,0,0,0,1,0,0,0,0,2,0,0,0,10,5,0,0,0,1,0,0,0,0,1,1,0,0,0,0,0,0,0,1,0,3,1,8,9,2,0,0,4,2,5,0,8,1,0,1,5,5,2,0,6,1,0,1
칠  레,유학연수,11,26,3,0,8,5,3,23,9,2,2,5,9,16,2,0,0,0,0,4,1,0,0,0,4,23,3,0,1,3,4,24,3,1,11,3,6,50,4,1,10,3,5,43,6,0,3,7,9,31,13,3,9,4,12,31,4,0,3,5,11,34,5,1,6,3,7,45,6,2,4,5,17,40,6,1,5
칠  레,기타,35,46,52,56,63,38,56,74,72,318,44,64,41,65,6,8,1,3,19,10,5,18,10,8,13,8,9,12,11,9,10,10,13,12,13,9,20,17,12,14,10,22,23,15,10,12,26,27,16,9,50,38,69,37,69,27,41,39,48,30,27,36,69,61,48,45,41,53,48,63,50,18,29,25,64,87,78
아르헨티나,관광,294,204,291,509,393,284,303,324,564,519,312,290,357,290,32,1,1,0,0,0,0,0,2,1,1,2,0,1,0,1,37,3,3,5,13,2,1,2,1,56,79,92,118,128,159,311,146,188,191,169,375,362,382,209,330,202,402,468,318,224,372,312,580,673,549,340,382,391,625,694,405,302,467,462,932,1005,821
아르헨티나,상용,2,2,3,8,4,2,1,3,1,1,0,0,0,1,0,1,0,0,0,0,0,1,1,0,0,0,0,1,0,2,0,1,2,3,8,0,2,0,1,3,1,1,0,2,2,1,1,0,1,0,2,0,1,2,1,0,3,1,2,1,1,2,1,1,1,1,1,1,1,1,1,1,0,3,0,1,3
아르헨티나,공용,1,1,7,2,1,2,1,1,0,1,0,1,0,1,0,0,0,0,0,0,0,0,0,0,1,0,0,0,0,0,1,2,2,3,1,0,0,1,0,1,2,1,0,2,0,1,1,0,1,1,1,0,0,0,1,3,1,0,0,0,0,0,1,0,1,1,4,0,1,0,0,0,0,0,0,1,0
아르헨티나,유학연수,4,9,3,0,0,3,7,10,0,1,0,1,4,14,0,0,0,0,0,2,0,0,0,0,0,5,0,0,1,2,0,6,0,0,1,0,1,8,1,0,0,0,0,11,2,0,0,0,3,7,3,0,2,5,4,16,2,1,0,0,4,13,0,4,8,6,9,14,2,1,3,3,3,7,3,1,2
아르헨티나,기타,53,36,97,95,54,63,48,62,80,90,62,43,61,51,39,9,12,10,7,13,13,17,16,12,18,18,26,14,21,20,21,15,19,27,22,23,18,15,25,24,30,25,33,24,53,36,39,42,57,32,90,119,121,97,110,99,98,158,138,67,53,49,118,161,142,134,156,172,144,201,108,85,66,78,159,215,257
콜롬비아,관광,233,221,500,604,539,595,601,553,735,647,530,438,293,216,34,2,0,0,0,0,0,0,2,0,0,0,0,0,1,5,2,1,7,3,14,8,2,2,3,100,138,169,141,173,307,444,264,269,172,150,414,443,446,451,639,389,610,676,451,331,251,279,681,878,969,729,756,646,1027,1365,898,605,385,311,971,1555,1155
콜롬비아,상용,2,1,2,3,0,0,4,0,2,1,0,0,1,0,1,0,0,0,0,0,0,1,1,0,0,0,0,0,0,0,2,2,0,1,13,0,1,3,3,1,0,0,2,0,0,0,2,2,1,1,1,3,0,2,1,0,2,2,2,0,2,0,0,1,1,2,0,2,2,2,2,0,2,1,0,0,1
콜롬비아,공용,7,2,1,1,6,7,5,2,17,15,16,11,8,2,4,0,0,35,6,21,2,0,2,0,1,0,3,0,2,3,1,73,2,26,17,4,6,0,0,7,18,4,2,5,2,2,4,1,3,4,8,3,7,10,8,14,8,16,3,0,11,3,9,4,10,4,8,5,7,11,3,2,9,7,9,8,8
콜롬비아,유학연수,19,52,17,5,14,11,16,51,12,5,18,13,24,39,10,0,0,1,0,12,1,3,7,0,6,26,4,4,6,4,5,55,4,1,4,2,13,49,10,2,13,4,11,65,11,4,3,11,25,65,10,4,10,12,15,68,13,5,8,8,25,71,7,7,19,21,20,80,11,10,19,13,27,58,22,2,18
콜롬비아,기타,68,59,62,86,97,60,44,101,72,96,58,47,50,48,24,10,9,13,14,14,5,19,25,16,16,19,13,13,15,25,25,43,22,20,24,23,26,24,18,18,23,25,38,55,41,31,31,51,49,49,85,110,99,144,104,115,89,144,99,42,69,68,216,202,144,141,158,179,216,226,170,107,134,136,248,287,299
페  루,관광,177,183,283,338,317,268,416,373,402,451,312,258,276,253,38,0,0,0,0,1,2,0,1,1,3,1,1,0,1,0,7,10,4,5,3,5,3,2,9,25,69,59,83,86,127,203,235,139,156,154,223,302,346,330,380,264,301,428,370,250,219,226,421,456,380,401,354,356,464,480,357,304,254,293,455,642,509
페  루,상용,1,0,1,2,8,1,2,1,3,2,1,2,1,0,1,0,0,0,1,0,0,0,0,0,0,0,1,0,1,1,1,6,1,3,2,3,0,3,3,1,1,1,2,1,3,11,2,0,2,1,3,3,3,5,4,0,3,15,2,2,1,1,0,2,2,2,3,2,7,6,4,2,1,2,1,3,2
페  루,공용,5,10,2,14,5,8,12,10,16,15,5,5,10,6,0,0,1,2,6,2,1,3,6,2,0,7,1,1,2,9,3,1,19,24,2,0,4,1,5,3,7,1,3,5,1,1,4,0,4,1,8,2,4,5,8,2,6,3,10,5,6,3,3,3,0,2,6,11,6,3,10,5,3,12,3,4,20
페  루,유학연수,15,43,10,3,5,7,9,43,13,1,6,6,17,39,8,1,1,1,0,8,1,1,1,0,3,13,4,0,3,1,2,30,8,1,6,1,10,21,9,0,5,4,2,54,3,4,8,13,12,38,10,3,7,6,14,48,8,5,11,4,12,51,5,0,10,9,14,53,8,0,8,6,16,32,18,2,5
페  루,기타,53,28,39,94,72,53,16,146,43,63,42,26,23,12,6,0,3,0,5,6,5,0,5,3,2,0,9,4,3,3,2,5,1,5,17,7,15,5,9,11,11,6,11,23,14,20,13,12,14,7,65,84,74,109,84,29,307,106,54,14,18,20,133,156,89,108,89,81,100,92,28,25,36,53,148,176,151
베네수엘라,관광,53,65,87,96,105,113,109,110,90,114,99,60,56,80,10,1,0,2,5,0,1,1,8,4,4,11,5,1,2,16,7,5,6,10,18,15,8,9,13,24,21,20,28,25,50,74,39,59,25,29,57,68,75,65,107,83,104,94,93,55,64,73,127,146,128,100,93,96,167,175,103,63,67,55,152,186,160
베네수엘라,상용,3,3,1,1,1,0,3,1,0,1,0,1,1,0,0,0,0,0,0,0,0,0,0,1,1,0,1,0,1,0,0,1,1,0,0,0,0,2,0,0,0,2,2,2,2,0,2,1,4,3,2,2,1,0,3,2,1,0,0,1,3,4,1,3,2,2,0,5,4,2,0,1,6,0,1,3,0
베네수엘라,공용,3,1,1,4,0,3,1,3,4,0,1,0,4,0,0,0,0,0,0,5,0,0,0,0,0,1,0,0,1,0,0,5,0,0,0,0,4,0,1,0,0,0,0,1,2,0,0,0,0,3,0,0,0,0,1,1,3,3,1,0,2,0,0,4,1,1,0,4,0,0,3,0,1,0,4,1,3
베네수엘라,유학연수,9,6,3,3,0,2,3,8,4,4,5,1,6,7,1,0,0,0,0,1,0,0,0,0,1,4,0,0,1,0,0,2,0,0,0,0,0,5,2,0,0,1,0,9,0,1,2,1,2,8,1,1,2,2,1,6,1,0,3,1,3,5,0,0,1,2,3,11,2,1,3,2,4,8,3,1,2
베네수엘라,기타,82,63,81,77,58,60,56,58,65,73,59,65,91,99,24,16,9,7,12,7,9,8,9,15,18,17,10,15,11,11,19,22,15,13,15,15,12,18,14,21,16,16,25,29,17,30,24,27,44,36,34,46,36,26,40,35,33,60,21,29,27,24,69,43,44,33,58,60,35,51,38,37,37,20,38,37,26
러시아(연방),관광,17260,12512,20692,25342,24861,21774,21331,20964,21349,25818,19717,18951,20746,15487,2189,128,67,122,133,156,108,268,158,140,228,219,239,308,246,265,292,267,293,418,416,359,383,420,297,770,1474,1948,2876,2817,3174,3028,4206,5251,4374,3429,6907,8634,7592,8303,9687,7968,8593,8922,6454,5735,5070,4209,10708,13006,10766,10104,14987,10880,11720,14409,8789,6723,5594,5034,12193,18959,15179
러시아(연방),상용,181,139,141,166,165,175,164,133,175,166,199,172,192,155,42,4,6,2,9,40,29,28,46,23,28,43,43,72,58,71,67,61,72,116,126,79,78,91,71,60,58,42,26,55,67,62,93,44,107,58,73,81,79,71,75,100,88,95,74,76,120,86,94,118,83,69,77,110,103,119,96,82,108,97,122,132,135
러시아(연방),공용,37,24,13,25,39,33,43,39,36,50,37,22,42,10,4,1,0,1,1,21,2,2,1,5,5,0,6,2,3,5,19,23,16,30,36,4,12,2,0,5,1,9,13,20,15,6,8,5,18,5,9,3,6,7,14,34,13,16,5,18,16,1,14,7,10,3,13,13,21,12,27,14,11,16,15,5,13
러시아(연방),유학연수,191,391,182,41,87,110,109,592,155,48,87,107,139,288,115,5,3,4,7,147,94,28,87,62,28,235,112,25,59,88,25,464,159,76,122,64,71,417,109,14,85,63,61,496,139,34,129,121,144,500,183,43,107,108,154,885,234,66,151,169,232,628,273,48,153,149,209,1124,277,95,218,192,310,785,331,77,241
러시아(연방),기타,7525,6935,6964,8631,7803,6574,6774,6972,8551,7297,6668,7318,7772,6217,2950,1085,1565,1947,1854,1722,1467,1914,1514,1732,1622,1935,2017,1904,2419,2470,2172,1935,2537,2438,2922,2534,2494,2353,1870,1878,1897,2338,2665,2720,2996,3423,3111,3048,4508,5088,5966,6422,6335,5866,5687,5211,4887,6458,6153,5727,6070,5636,5618,6115,6298,5428,5613,6565,6121,6235,5746,5476,5490,5925,6661,7654,6065
폴란드,관광,713,619,1264,1615,1489,1479,1330,1571,1870,1549,1333,789,734,559,134,14,40,56,43,28,54,42,27,27,13,17,26,25,25,30,41,38,99,154,205,58,101,165,129,325,453,598,542,641,1137,1219,1006,685,541,610,1467,2586,1845,1707,2003,1982,2646,2310,2121,1000,1170,1174,2669,4242,3548,2371,2494,3244,4106,3455,2855,1264,1171,1615,4056,5145,4357
폴란드,상용,10,14,8,9,10,12,12,10,14,14,10,12,18,12,12,1,1,6,5,9,12,6,12,0,31,3,4,7,8,3,4,17,9,6,10,5,7,7,1,7,8,14,6,23,8,11,18,7,14,7,10,5,12,9,10,4,11,30,23,14,19,18,10,8,9,14,22,10,13,17,11,13,19,11,5,18,7
폴란드,공용,0,0,1,7,3,0,1,3,1,6,1,0,4,0,0,0,1,0,2,0,0,0,1,0,0,0,0,1,0,0,0,2,4,0,2,0,2,1,1,0,3,4,2,2,1,0,2,1,4,4,2,4,3,4,4,5,2,6,3,1,3,0,3,2,2,2,1,3,6,17,2,4,3,9,19,11,4
폴란드,유학연수,27,74,21,11,26,20,24,95,17,9,28,21,23,52,12,1,0,1,2,37,4,0,7,3,10,46,4,1,8,4,10,117,7,4,5,2,7,88,8,2,7,11,11,132,5,1,17,18,21,104,23,5,13,30,24,139,22,8,28,31,34,115,18,7,38,45,41,190,23,17,49,45,51,151,31,22,69
폴란드,기타,574,559,666,659,731,690,587,647,668,748,647,585,779,583,164,67,98,149,267,320,295,258,304,277,282,203,282,238,257,262,272,258,238,264,265,228,265,249,251,288,382,374,385,376,353,474,447,444,472,460,582,656,635,677,669,642,759,837,718,628,499,674,671,953,994,971,947,913,982,1117,783,612,756,674,871,807,785
덴마크,관광,520,469,813,1196,979,767,1348,728,1101,1559,907,583,484,500,91,5,9,17,21,7,5,5,8,5,13,3,4,3,4,17,18,9,34,111,102,48,46,60,53,344,369,394,510,501,628,956,649,415,361,347,1201,1223,886,817,1876,766,1169,1661,959,500,565,448,1571,1404,1211,873,1523,1007,1343,1873,1096,705,456,543,1277,2028,1148
덴마크,상용,21,12,11,16,14,7,8,13,12,12,11,11,19,7,0,1,2,1,2,9,5,9,6,4,2,7,3,3,4,11,8,19,9,5,2,3,7,3,4,3,6,5,10,7,11,12,9,6,24,8,15,6,14,16,9,23,15,28,22,17,20,16,22,13,18,20,14,28,28,30,30,23,32,22,21,23,17
덴마크,공용,6,5,5,10,11,8,10,10,11,5,11,5,18,5,2,0,0,0,0,4,0,0,4,0,0,0,0,0,0,0,0,4,1,2,1,0,5,0,1,0,2,1,1,3,2,2,0,1,5,0,4,3,2,1,0,4,1,0,1,1,3,1,1,0,3,3,0,7,1,5,3,5,1,0,4,0,1
덴마크,유학연수,16,77,10,14,29,27,15,162,8,39,59,25,15,54,10,0,0,1,6,58,3,0,0,1,13,39,4,1,0,0,8,132,9,2,3,0,12,52,0,0,4,0,12,155,4,4,31,24,28,59,4,6,20,8,24,154,5,21,39,21,30,63,6,5,20,18,22,160,11,13,51,38,26,50,10,5,25
덴마크,기타,188,131,162,151,148,130,126,132,112,187,132,158,129,74,11,21,28,38,66,63,47,48,62,69,79,34,45,61,46,70,71,92,50,60,71,56,73,73,49,52,80,53,80,92,59,70,81,52,88,66,88,98,105,95,94,103,109,138,116,90,128,87,112,133,102,125,111,143,118,134,106,81,123,59,91,81,112
그리스,관광,481,381,509,501,495,508,569,508,717,695,609,476,379,463,129,30,80,106,46,122,78,80,59,64,82,70,131,97,81,109,125,86,139,208,140,214,188,138,238,204,297,297,411,377,335,401,410,435,310,283,541,637,412,395,476,521,397,622,479,317,347,314,840,873,745,483,561,677,682,703,795,408,398,408,924,1094,750
그리스,상용,17,27,13,15,21,18,11,36,29,21,16,18,37,14,4,6,6,6,14,25,10,16,5,11,14,11,14,8,12,12,11,20,20,12,6,7,13,7,8,7,15,2,8,20,14,18,11,4,15,3,8,10,11,8,13,23,12,12,3,5,22,10,8,12,13,9,9,17,20,13,11,8,16,21,15,19,19
그리스,공용,4,0,10,0,2,1,5,0,1,2,3,0,8,0,2,0,0,0,1,0,2,0,0,0,0,1,0,0,1,0,0,1,1,2,3,0,2,1,1,1,2,0,1,1,1,2,1,2,2,1,2,1,1,0,0,1,2,1,2,0,2,2,2,1,1,1,0,0,2,2,1,0,1,1,2,3,3
그리스,유학연수,0,5,1,0,1,3,1,7,2,0,0,1,0,4,5,0,0,0,0,4,1,0,2,0,0,4,0,0,0,0,1,7,5,0,0,0,1,6,1,0,0,2,2,20,1,1,0,2,2,16,1,0,4,6,4,16,5,1,3,4,4,16,3,0,4,9,2,25,1,2,9,6,4,17,2,0,3
그리스,기타,273,194,270,282,230,235,213,227,274,296,263,259,199,182,59,40,79,95,90,113,97,101,70,94,110,104,156,130,150,113,96,160,128,178,128,209,182,151,169,77,106,104,177,171,99,162,140,139,156,142,118,273,146,147,139,254,108,338,288,142,209,248,243,368,308,266,297,337,226,245,207,192,153,168,257,353,293
스위스,관광,613,710,1054,2068,1434,1132,1921,1478,1795,1973,1037,896,614,432,60,18,0,1,8,6,8,5,10,8,3,7,6,10,6,10,36,22,79,116,107,74,28,46,72,420,432,493,896,811,1076,1376,758,622,412,542,1496,2601,1572,1221,3386,1517,1983,2156,1080,781,847,808,2496,2918,2252,1563,2475,1989,2552,3131,1460,1014,641,796,2082,3995,2516
스위스,상용,18,17,13,15,22,19,13,22,20,20,23,14,25,11,4,1,0,0,2,6,5,6,6,1,4,3,7,4,12,2,9,24,9,5,4,1,5,1,1,6,3,5,6,4,5,6,2,6,7,2,8,7,8,1,7,3,6,4,0,4,4,3,6,4,2,1,2,6,5,3,5,3,12,6,4,4,10
스위스,공용,0,0,1,9,1,3,4,0,7,3,1,4,4,2,0,0,0,0,0,0,1,2,0,0,1,0,0,1,0,1,0,0,0,3,2,1,1,1,1,0,2,0,5,2,0,1,5,0,4,2,1,2,3,0,3,1,4,1,2,1,7,2,1,1,1,2,2,2,0,2,4,1,4,3,2,1,1
스위스,유학연수,19,67,21,11,30,14,15,80,11,10,40,18,20,62,14,2,5,5,3,71,4,2,5,1,8,81,1,2,8,4,7,110,16,5,8,1,10,92,12,0,4,9,16,139,10,3,23,28,42,110,21,14,34,23,19,126,18,13,28,31,34,121,24,15,54,40,32,144,15,16,67,51,40,108,26,19,88
스위스,기타,97,83,135,133,98,71,76,84,90,131,71,82,99,59,27,12,23,21,28,39,37,31,39,29,37,56,55,53,69,69,91,72,65,55,33,21,48,46,31,46,35,45,67,46,79,72,57,53,79,49,72,79,62,89,66,76,73,122,77,66,100,64,126,88,150,191,206,209,195,154,77,72,82,71,196,242,170
노르웨이,관광,552,455,723,1382,716,1069,1398,584,962,1108,656,557,437,354,53,6,2,1,2,9,8,10,15,8,5,11,4,2,0,12,7,8,27,121,77,32,34,18,30,216,318,417,347,372,455,628,466,429,396,348,926,916,640,1082,1890,540,728,879,646,424,519,447,1340,954,752,1181,1544,635,1071,1055,784,634,489,460,1100,1772,890
노르웨이,상용,66,38,37,29,19,27,19,36,30,24,27,22,29,10,4,5,4,1,0,9,3,1,2,1,7,2,4,2,3,17,7,9,5,5,3,4,15,4,2,8,9,8,11,9,13,15,21,6,29,10,20,26,20,21,16,26,13,24,29,10,40,20,24,21,23,18,9,18,18,11,17,20,27,14,22,19,20
노르웨이,공용,4,3,1,3,0,0,4,3,2,4,2,1,6,0,1,0,0,1,0,0,0,0,0,0,0,0,0,0,0,0,0,3,0,5,1,0,0,0,0,5,0,0,1,2,6,1,5,0,11,15,2,2,2,2,3,3,0,0,1,4,0,1,4,2,0,6,5,3,1,4,8,3,1,1,0,3,2
노르웨이,유학연수,28,45,24,8,32,11,18,116,20,9,29,30,23,54,19,0,0,1,0,19,5,1,7,0,7,19,1,1,4,4,9,93,9,0,8,1,22,63,1,0,6,6,10,107,9,1,14,15,39,77,15,5,19,7,22,106,8,6,29,13,30,72,18,10,18,7,15,117,15,8,44,34,32,95,24,14,37
노르웨이,기타,151,36,73,67,53,49,55,64,40,73,123,53,48,23,20,24,49,40,30,27,39,41,44,11,40,30,27,21,27,30,43,29,34,48,31,22,50,30,27,33,49,41,37,39,34,48,34,27,55,50,35,49,57,48,39,53,28,137,52,37,75,38,45,47,64,52,35,53,45,38,65,55,77,50,46,49,56
스페인,관광,1010,1006,1675,2314,2032,2238,2709,3926,2764,2777,2211,1425,1121,750,127,11,16,2,1,6,2,5,8,2,10,4,5,1,6,11,16,23,77,161,312,93,57,81,138,688,613,747,1080,1500,1483,2085,1622,1175,864,893,2256,3023,2109,2091,3250,4711,3202,3362,2852,1564,1207,1314,4382,3426,3104,3016,3882,6386,4566,5027,3680,2041,1301,1533,3713,5495,3985
스페인,상용,36,17,21,20,20,27,18,29,27,35,26,12,42,4,6,1,5,3,3,8,6,11,11,5,10,7,6,5,12,12,9,21,17,13,8,4,13,2,7,4,7,7,9,17,8,9,6,7,18,9,12,14,11,11,11,21,21,14,14,14,27,23,19,16,22,15,13,25,21,12,14,10,33,21,17,14,15
스페인,공용,15,5,10,14,17,7,20,18,14,10,14,17,26,8,5,0,2,0,5,3,1,2,0,0,2,1,0,3,3,2,2,4,1,6,3,3,7,1,3,2,5,5,6,8,8,5,10,5,11,8,6,15,9,9,12,14,9,11,7,5,17,11,12,11,11,13,8,10,17,15,9,12,17,7,11,6,7
스페인,유학연수,52,129,36,29,64,51,35,253,30,49,121,68,65,111,26,1,2,0,1,101,6,9,23,1,13,140,100,0,7,9,13,347,101,5,26,7,24,183,136,10,23,22,20,394,51,7,85,100,93,243,55,33,102,42,60,381,34,23,183,83,110,214,49,26,145,86,68,398,37,68,239,196,131,253,60,60,179
스페인,기타,255,216,265,301,270,267,284,328,299,269,238,211,306,195,91,18,42,46,66,71,53,80,67,60,71,56,54,75,93,86,89,116,117,125,100,96,128,69,112,117,166,120,210,204,202,162,227,165,244,162,192,211,200,211,277,277,234,311,223,171,329,204,289,246,259,229,251,291,271,242,201,189,331,205,263,329,243
루마니아,관광,412,334,494,721,542,524,503,638,675,655,607,349,372,228,86,40,34,61,62,74,63,69,78,45,44,56,76,80,58,35,76,76,142,182,163,145,197,190,204,209,224,225,293,338,409,685,376,327,210,282,669,933,641,513,598,637,969,1165,740,355,364,354,1198,1501,1060,681,743,892,1134,1417,686,521,343,436,1442,2070,1077
루마니아,상용,8,4,5,6,4,9,8,10,12,5,5,8,17,5,3,0,1,2,3,7,3,3,1,2,4,3,9,5,4,7,5,9,5,3,1,3,2,1,4,7,6,11,6,8,6,9,5,9,12,7,10,12,11,6,9,11,12,15,6,6,10,15,11,9,16,7,4,7,11,11,8,14,16,8,9,7,9
루마니아,공용,4,4,3,3,1,7,1,3,5,15,6,1,7,1,2,0,0,0,0,1,0,1,0,0,1,0,1,0,1,0,2,0,2,2,0,3,3,1,3,3,5,1,4,2,7,2,3,7,14,3,5,7,7,0,3,3,6,10,6,2,3,1,10,47,8,6,2,2,51,2,19,9,5,11,9,13,9
루마니아,유학연수,3,30,2,1,8,5,6,32,4,1,4,3,10,18,6,0,0,0,1,9,1,1,2,1,2,14,2,1,3,0,2,27,4,1,2,3,4,22,1,0,0,0,7,36,5,1,2,2,13,32,3,2,6,4,8,31,8,2,7,5,11,31,3,3,5,5,10,47,9,5,5,9,15,31,13,8,17
루마니아,기타,445,399,540,592,567,439,427,749,483,619,418,413,450,219,76,42,58,99,162,160,157,138,181,138,205,150,166,175,148,144,160,153,178,188,158,206,153,156,205,153,178,188,195,147,162,188,163,112,160,161,308,379,346,335,284,254,358,499,351,334,262,312,589,562,530,478,386,412,351,526,358,274,315,292,450,599,558
벨기에,관광,490,452,1161,1313,1012,986,1374,995,1300,1281,941,570,471,343,62,7,1,7,4,9,5,4,15,10,17,16,10,4,6,23,25,28,73,104,94,36,39,66,52,255,371,418,692,579,848,938,770,478,363,461,961,1613,1282,911,2555,1109,1623,1629,1058,678,467,652,1439,2262,1637,1213,1770,1382,2020,2136,1231,765,532,689,1342,2642,1831
벨기에,상용,24,16,16,20,21,19,15,17,15,17,24,11,27,8,6,3,3,2,4,6,5,8,11,2,9,11,4,6,12,10,17,21,14,5,10,1,13,3,6,7,6,8,8,12,6,15,12,10,20,14,16,9,14,13,15,16,16,17,28,12,28,19,17,10,24,9,24,24,19,21,18,10,24,22,20,12,15
벨기에,공용,4,2,20,5,4,1,1,4,9,3,3,3,3,3,2,0,0,3,0,0,2,1,0,0,1,2,0,0,0,0,1,1,4,0,3,0,3,0,0,4,3,1,0,2,3,2,3,2,2,2,6,4,7,6,8,4,6,10,5,5,3,6,7,2,6,2,9,16,9,3,11,3,8,2,2,4,6
벨기에,유학연수,22,41,9,8,23,10,13,112,20,23,76,29,23,35,8,0,0,1,2,69,0,4,4,1,10,67,1,0,2,8,17,156,7,0,6,1,5,88,7,0,4,3,7,169,11,0,37,25,37,76,11,3,15,19,23,128,15,5,43,38,22,67,10,6,31,21,20,139,16,9,45,43,30,94,18,9,50
벨기에,기타,169,143,194,144,185,165,146,177,198,181,161,141,198,158,86,47,175,79,80,82,82,112,109,105,93,79,100,91,105,113,107,128,106,139,122,122,145,117,122,130,143,133,135,165,154,179,152,162,192,164,190,164,148,148,149,165,160,178,161,148,174,131,139,160,176,128,150,193,149,163,177,183,189,144,183,210,170
독  일,관광,4925,4878,9496,10819,8262,7284,7953,8239,10802,11460,7750,5714,4648,3725,611,30,12,34,31,17,26,18,25,28,13,20,41,36,53,50,135,183,385,922,928,416,312,397,531,2112,3243,3299,4116,5326,7109,7100,5048,3946,3246,3920,10262,15997,9716,7217,9806,9760,12845,12207,7661,5516,4563,5046,16684,19104,13076,7952,8817,11273,15030,16017,8581,6555,4352,5527,16159,25717,13352
독  일,상용,278,258,219,212,220,209,211,236,218,207,227,139,239,133,41,9,27,59,46,61,72,72,48,31,94,55,63,83,65,61,92,156,92,69,57,23,78,31,43,73,83,81,89,133,127,123,142,97,198,110,132,190,169,155,147,175,156,177,180,118,221,134,123,175,157,159,152,175,146,134,177,113,191,172,183,173,176
독  일,공용,19,15,29,28,23,25,29,24,21,28,38,21,34,19,8,2,3,2,10,20,8,6,3,2,11,2,1,4,9,2,3,33,8,18,10,15,16,5,7,8,17,10,14,31,13,26,26,13,23,15,17,22,21,18,23,23,13,13,20,14,30,13,16,22,16,21,25,30,23,12,35,11,31,14,18,27,23
독  일,유학연수,177,525,106,84,213,160,109,1027,89,158,391,265,205,491,121,4,2,3,6,416,14,2,33,5,53,558,22,5,29,16,47,1139,59,14,29,14,38,933,43,14,44,67,108,1379,81,28,188,266,272,850,92,52,189,157,195,1365,89,102,317,253,290,864,130,139,308,222,258,1350,126,113,430,416,331,848,151,126,374
독  일,기타,1451,1190,1292,1730,1385,1269,1373,1633,1540,1469,1413,1165,1491,1231,414,988,1710,700,989,1066,964,1045,1023,1045,958,841,942,1043,1141,1117,1202,1286,1266,1337,1358,1354,1274,1018,1178,1276,1325,1543,1766,1837,1676,1931,1769,1500,1581,1302,1584,2182,1561,1515,1439,1552,1388,1648,1594,1159,1380,1153,1618,1856,1632,1712,1365,1649,1470,1414,1395,1077,1148,1036,1823,1804,1326
영  국,관광,7982,5864,11064,14760,9737,9538,9208,9810,11473,14117,9931,7356,6811,3936,550,136,205,245,340,222,202,212,281,228,125,109,121,112,150,286,460,622,440,653,707,428,271,378,535,1711,2512,2899,3606,4140,4523,5785,4753,4640,4207,3858,9824,14150,9257,7608,12904,8227,9493,11858,8865,5835,5153,5439,14831,17518,12222,10264,9854,11221,12011,15379,9762,7068,5335,6016,14441,22876,15045
영  국,상용,175,150,126,141,137,129,128,141,156,150,123,103,186,68,26,5,11,32,12,24,19,22,11,16,24,7,6,17,12,18,17,25,35,24,16,17,53,15,26,37,51,49,55,65,61,69,56,56,106,67,76,80,82,67,89,79,72,100,87,86,116,65,56,69,56,50,54,77,81,62,58,57,80,63,50,71,63
영  국,공용,17,8,13,19,16,10,14,26,28,14,15,16,22,15,9,0,1,2,5,0,13,8,3,1,3,1,1,11,7,11,16,10,16,23,23,7,22,16,51,9,27,11,12,14,17,14,16,9,31,16,8,16,19,16,17,24,21,25,19,13,37,22,19,30,19,18,19,40,33,14,23,24,33,19,30,18,14
영  국,유학연수,41,105,50,18,44,46,44,239,13,20,40,47,72,123,44,0,3,4,4,83,12,2,10,4,3,12,5,0,0,2,12,169,6,0,1,4,27,46,17,3,15,15,17,281,58,4,10,26,82,203,46,16,52,42,49,323,23,15,37,44,103,192,60,32,67,53,53,309,31,9,55,60,102,195,91,44,78
영  국,기타,1933,1749,1560,1769,1588,1432,1432,2900,1655,1610,1433,1213,2026,1424,544,157,154,150,271,290,224,278,356,305,252,356,211,143,176,311,432,621,344,409,512,433,645,609,366,385,498,521,752,1175,561,743,616,852,1372,961,842,1011,1107,822,1177,1691,868,1354,982,955,1341,1187,1027,1419,1198,1032,1189,1811,1227,1182,1026,1009,1355,1105,1105,1450,1406
프랑스,관광,3773,3685,5824,10034,8254,6915,9121,9744,8587,10681,6369,5202,3951,3355,528,100,47,15,35,51,19,26,30,26,23,8,22,7,38,32,146,146,316,672,670,323,252,307,369,2342,3068,3027,4719,5592,5842,8263,5466,4314,2796,3785,8052,14315,11209,7695,10844,12930,10558,13036,9168,5813,4271,5664,10388,20541,15178,9393,12409,15149,12583,17552,10655,7248,4521,6272,10903,20832,15049
프랑스,상용,297,235,274,224,267,229,207,246,245,232,225,203,303,123,62,8,16,14,41,108,58,53,47,45,84,33,40,48,38,40,59,142,74,38,35,42,89,28,43,56,86,76,78,147,96,112,117,99,181,88,147,135,143,143,109,191,104,149,152,122,214,135,184,137,172,143,130,170,159,152,145,111,211,149,182,142,164
프랑스,공용,48,30,60,40,54,25,48,75,32,38,55,34,53,27,19,3,0,1,10,23,6,14,6,1,10,8,6,6,11,7,9,42,21,13,18,15,26,7,14,9,17,10,21,58,21,24,27,24,55,33,46,47,53,40,41,80,36,57,52,30,69,33,57,36,56,39,44,77,61,54,58,31,75,42,55,67,53
프랑스,유학연수,288,958,245,164,430,297,217,1420,127,201,490,426,392,907,184,7,4,8,11,700,40,22,87,16,150,1068,23,2,5,7,11,509,324,42,150,45,146,1556,100,22,120,95,127,1743,140,16,206,289,395,1454,234,91,377,336,284,1828,131,77,404,434,487,1438,342,156,634,450,324,1838,188,102,528,522,563,1443,358,230,724
프랑스,기타,1168,922,1066,1154,1390,1093,1123,1499,1251,1394,972,887,1283,708,424,162,90,294,574,917,826,893,788,810,842,694,922,732,941,722,812,1045,903,835,863,811,1072,934,1166,878,908,983,1002,1345,1119,1124,1320,1362,1438,1263,995,1116,1381,952,1165,1458,1224,1323,1475,1136,1339,1059,1211,1123,1290,964,1087,1216,1146,1178,1242,1146,1349,1008,1332,1535,1450
네덜란드,관광,1592,1580,2219,3452,2737,2252,3500,2848,2816,3318,2339,1802,1560,1076,156,9,2,21,11,11,17,16,18,22,8,14,15,11,18,25,24,69,125,230,257,116,87,107,128,767,1002,1060,1793,1467,1829,2197,1636,1384,1107,1215,2546,3683,3207,2354,5688,3715,3534,3658,2556,1743,1531,1540,2959,5455,4440,2570,4540,4319,3951,4709,3118,2062,1456,1761,3548,5959,4792
네덜란드,상용,47,33,47,48,31,41,49,47,28,28,26,23,30,16,5,3,5,6,8,13,8,14,8,8,10,3,4,11,16,8,15,26,22,9,6,4,7,4,4,15,13,9,12,12,10,12,10,12,20,11,14,11,19,5,16,12,9,14,15,14,27,16,13,17,14,8,11,16,14,17,21,16,27,16,22,21,27
네덜란드,공용,16,7,12,8,5,4,10,11,9,8,9,8,9,2,0,2,2,0,1,1,0,1,1,0,2,4,1,0,1,1,5,6,5,3,2,3,12,3,2,5,6,3,2,19,3,3,7,2,12,6,4,6,8,5,12,10,9,13,8,4,19,2,15,16,19,10,10,12,11,6,7,10,12,10,16,6,9
네덜란드,유학연수,77,180,20,12,57,35,43,401,18,61,184,100,69,158,29,1,1,4,1,29,2,1,6,0,7,50,4,1,3,4,13,242,14,2,8,4,25,311,12,4,13,13,38,456,13,7,76,97,72,232,13,9,56,36,55,390,16,23,103,91,50,198,19,20,57,40,61,356,26,23,123,115,83,181,24,12,76
네덜란드,기타,537,557,600,569,518,568,539,654,614,628,630,526,888,815,407,370,683,655,724,718,848,1012,953,1085,1129,782,1137,1214,1205,1110,986,932,909,923,867,809,795,737,833,920,952,926,1009,941,906,1024,993,906,929,1413,1357,1048,1057,1069,1081,1065,1018,1120,989,720,829,841,944,1058,1079,1036,978,1181,1189,1162,1095,1037,1078,834,977,1230,1484
우크라이나,관광,593,543,630,799,698,606,813,711,715,795,712,600,493,653,214,60,265,507,352,160,147,134,163,155,186,337,328,340,297,246,287,290,297,342,338,282,301,256,209,334,252,384,513,481,475,632,531,556,337,273,386,365,367,379,456,411,400,544,432,313,369,295,494,507,448,487,463,423,764,825,583,500,403,474,640,772,577
우크라이나,상용,58,51,95,76,89,83,100,63,80,179,91,60,78,80,30,0,6,6,3,5,1,12,14,1,3,4,1,15,7,9,26,12,4,12,27,3,7,37,3,0,11,12,11,13,15,27,25,24,30,22,29,54,33,52,31,26,12,35,65,24,53,32,53,37,53,57,38,33,30,91,37,15,21,67,74,62,66
우크라이나,공용,3,2,6,7,2,3,5,5,5,11,3,3,8,3,2,4,1,0,2,3,0,0,2,0,0,1,9,1,5,1,0,2,0,6,1,0,3,1,1,0,0,3,0,1,0,3,3,0,6,3,3,6,23,10,6,4,3,0,5,3,0,1,8,2,1,9,3,1,7,6,15,6,5,2,3,5,4
우크라이나,유학연수,28,57,17,8,10,21,31,64,26,4,11,8,33,52,7,0,2,1,0,31,5,1,8,2,16,23,6,0,2,6,6,63,19,5,8,7,23,23,8,2,7,10,7,44,18,3,6,9,14,52,11,3,8,10,8,63,20,6,11,12,32,57,19,3,7,12,13,168,17,2,12,13,21,79,26,4,13
우크라이나,기타,1580,1427,1620,1684,1598,1228,1281,2061,1388,1382,1329,1509,1343,830,377,52,157,348,803,801,726,665,916,844,788,842,985,850,825,875,788,892,847,896,934,804,698,779,792,664,776,687,695,650,564,666,578,472,499,394,745,909,960,1045,806,1030,915,1260,1107,940,1134,1344,1496,1362,1439,1309,1188,1235,1267,1283,1181,1075,1078,1193,1238,1349,1449
이탈리아,관광,1968,1685,2931,3238,3400,3039,3259,3861,3550,3781,3547,2299,2006,1045,73,11,10,30,7,2,4,7,5,5,5,3,3,10,14,16,26,34,102,271,406,97,92,136,205,614,968,1088,1251,1771,1706,2593,2246,1397,1403,1414,3235,3981,3026,2606,3229,6381,3554,3943,3564,2378,2008,1714,4864,5636,4300,3775,3898,8199,4764,5895,4653,3203,1935,2281,4826,8218,5083
이탈리아,상용,83,52,64,46,61,47,62,87,81,66,80,52,138,38,13,5,12,7,12,26,17,40,27,16,47,22,15,24,37,31,29,72,58,25,16,6,52,12,4,24,28,29,18,34,38,24,38,16,57,35,33,43,40,29,34,40,46,48,21,32,60,38,40,35,47,41,33,50,51,41,51,23,79,47,57,49,61
이탈리아,공용,17,14,10,18,19,13,13,30,17,16,17,9,26,4,2,1,1,0,2,3,11,2,2,6,3,0,1,5,2,5,2,9,4,8,7,4,7,2,0,2,2,4,4,6,4,4,8,7,9,2,10,10,7,2,10,7,9,12,30,7,10,6,7,6,10,8,9,11,11,5,7,8,12,12,15,11,10
이탈리아,유학연수,40,125,33,12,54,68,36,212,26,45,103,39,55,77,18,2,0,1,3,66,6,4,24,0,16,126,7,1,19,8,14,198,14,3,34,6,22,211,32,5,32,25,21,265,35,7,58,43,61,188,35,18,45,45,35,286,55,14,80,50,73,226,42,17,62,68,54,370,55,22,92,126,101,223,52,20,98
이탈리아,기타,623,508,545,1067,1322,969,1018,1725,839,1043,675,685,655,554,142,36,156,187,112,132,108,178,189,134,115,152,156,178,166,183,175,209,216,265,238,173,236,210,243,195,282,193,287,242,260,247,298,255,285,241,524,611,786,1213,666,667,656,895,555,333,422,328,836,887,1144,1088,632,676,822,827,600,437,829,556,753,903,1105
불가리아,관광,154,146,212,323,330,215,311,321,370,394,275,173,132,126,40,24,13,22,12,13,8,7,13,9,6,15,22,16,3,10,10,23,22,39,42,28,39,42,29,73,68,72,106,139,180,185,124,122,99,80,236,468,350,216,272,223,418,397,266,106,136,118,739,567,377,253,264,322,513,589,286,184,163,132,780,1135,559
불가리아,상용,1,0,3,4,3,1,2,4,3,2,4,1,4,0,0,0,0,0,0,0,0,0,1,0,1,0,0,0,0,1,3,3,0,0,0,1,0,1,0,1,2,2,0,1,0,1,1,1,1,0,1,1,0,0,0,0,2,3,1,2,3,1,1,2,1,0,1,0,3,2,1,1,0,0,1,1,3
불가리아,공용,1,1,1,2,2,1,3,1,19,3,5,3,2,2,0,0,0,0,0,0,1,0,0,0,1,0,0,0,1,1,1,1,0,1,2,0,2,0,0,2,2,0,2,3,2,3,1,2,1,1,3,1,4,1,0,3,2,0,0,2,0,0,0,2,0,0,1,2,2,0,0,2,0,1,2,1,2
불가리아,유학연수,10,15,3,2,2,0,8,27,5,1,3,4,13,6,8,0,0,1,0,12,2,0,0,0,5,9,1,0,1,2,3,22,5,1,3,0,11,15,2,0,1,0,0,29,2,0,0,0,9,30,1,1,4,4,7,31,2,2,6,2,8,36,0,2,4,6,3,38,4,0,4,7,9,34,8,5,11
불가리아,기타,265,164,236,411,302,231,219,398,236,255,184,261,200,84,32,19,31,26,95,124,101,92,196,180,125,127,199,104,89,124,129,127,144,106,127,127,165,101,203,126,178,211,294,173,120,140,92,105,52,38,117,133,128,155,83,98,104,161,97,122,122,112,247,231,130,204,146,178,160,168,150,161,84,103,158,246,176
스웨덴,관광,844,729,1261,2007,1485,1926,1558,1114,1784,2110,1354,1105,696,491,115,7,3,11,2,5,9,6,18,6,0,18,4,15,18,29,9,11,63,124,128,76,74,61,93,307,465,729,492,482,679,1165,884,677,530,514,1269,1735,1308,1823,3498,975,1485,1879,1262,909,838,690,1714,2033,1491,2084,1678,1102,1794,2218,1491,1324,686,816,1751,2525,1734
스웨덴,상용,29,19,30,18,24,26,19,35,26,23,26,18,33,14,4,3,1,1,3,18,9,14,19,6,22,7,6,13,5,24,12,27,21,8,9,2,12,2,7,6,12,7,14,16,13,10,17,12,30,7,21,11,11,13,19,22,12,18,24,16,22,19,19,18,22,23,12,19,12,16,8,11,20,11,12,14,14
스웨덴,공용,6,9,9,16,8,9,6,2,5,5,7,9,5,2,1,2,0,2,5,4,1,0,2,0,4,0,0,3,3,0,5,4,1,9,6,2,4,7,1,5,3,2,7,7,3,6,3,10,10,4,1,13,3,1,8,1,2,5,2,3,6,3,7,6,2,5,5,4,3,2,0,4,6,2,3,2,2
스웨덴,유학연수,18,91,47,22,36,31,13,219,66,30,93,62,12,83,38,0,0,6,1,60,12,0,7,3,10,54,12,1,6,3,13,193,19,2,10,5,20,105,10,1,6,8,8,237,14,4,31,35,37,119,7,12,43,14,25,222,14,8,48,42,25,96,19,8,45,20,22,210,12,9,56,46,33,119,18,13,55
스웨덴,기타,85,79,111,125,102,87,131,120,129,135,120,96,101,60,30,23,23,19,22,36,35,45,30,24,40,39,34,27,35,35,48,44,54,53,54,46,75,40,27,45,40,39,64,101,74,57,71,49,86,42,64,78,71,48,78,101,80,131,85,75,177,97,128,143,156,180,127,109,134,136,95,82,104,101,104,119,152
오스트레일리아,관광,12795,6836,10769,18581,12114,11804,10403,12019,15818,14247,11750,17818,12320,5689,363,28,30,23,33,31,33,25,49,46,20,22,24,23,29,31,39,43,40,76,233,324,175,200,306,1893,2968,3351,3652,3891,7357,7891,8719,15703,11087,6585,12669,19756,14005,15587,12879,10561,19980,18038,16955,21073,15505,9258,21056,24685,18609,17602,14371,12839,20357,24590,18736,24303,17544,10908,18595,34320,21133
오스트레일리아,상용,93,73,99,77,77,77,79,95,83,90,89,67,86,44,15,0,5,6,5,8,7,18,18,18,13,8,7,13,18,8,11,9,5,21,66,26,41,53,68,64,94,90,102,87,105,119,126,81,97,95,109,94,82,51,41,47,49,64,34,32,56,42,53,57,39,41,49,46,64,45,39,41,62,60,62,51,65
오스트레일리아,공용,17,31,31,67,46,61,40,42,51,37,59,25,19,15,3,4,0,0,20,3,0,2,1,1,5,12,1,1,0,0,14,14,12,9,3,1,8,3,14,26,23,23,25,34,26,23,35,5,23,27,73,51,80,30,88,69,73,69,54,27,29,47,40,48,55,50,38,64,110,71,57,22,30,28,55,45,67
오스트레일리아,유학연수,34,119,13,13,50,57,40,108,10,13,36,42,26,82,12,0,0,1,0,3,2,2,7,3,3,8,3,1,2,3,0,14,6,2,13,4,2,26,6,5,4,8,9,109,7,0,15,21,27,90,12,5,13,19,32,108,13,18,29,27,30,90,10,18,29,24,28,118,9,14,39,49,24,83,15,7,29
오스트레일리아,기타,1346,1272,1351,1200,1271,1202,1278,1383,1307,1864,1412,1337,1588,1027,367,92,102,81,147,111,103,123,163,162,164,137,137,131,126,150,192,201,196,207,294,328,385,352,360,488,524,675,630,714,685,1053,874,1169,1383,1102,1316,1371,1531,1407,1402,1513,1522,1836,1537,1657,1631,1535,1712,1714,1709,1631,1712,1688,1826,2022,1665,1921,1808,1559,1847,1799,1719
뉴질랜드,관광,2029,1221,1800,3189,2550,2949,2176,2436,3393,3111,2765,3595,2638,1288,90,19,4,3,6,7,7,5,10,12,4,2,7,21,3,2,9,10,15,18,59,51,30,32,40,174,516,714,811,765,1542,1871,1610,3298,1948,1041,1982,3553,2590,3038,2520,2006,3473,3392,2953,3644,2491,1505,3273,3400,2691,2624,2147,2250,3008,4153,3139,4038,2518,1655,3195,4484,3303
뉴질랜드,상용,20,14,24,19,21,12,14,21,26,19,23,14,10,5,3,0,0,3,1,5,6,5,3,3,6,5,1,1,0,3,3,8,2,9,7,5,5,6,5,25,18,18,21,24,41,38,29,20,20,24,33,23,17,16,17,10,7,16,9,7,13,10,9,7,5,18,10,7,10,5,8,13,19,10,13,17,10
뉴질랜드,공용,17,5,4,11,8,15,5,10,9,16,8,10,15,4,4,5,2,0,1,3,0,2,1,0,0,2,5,0,0,0,5,2,0,0,1,0,2,0,4,1,1,1,3,2,1,0,7,1,6,3,4,3,2,4,3,3,4,3,1,2,4,3,3,2,5,7,2,1,2,3,6,6,2,2,3,5,3
뉴질랜드,유학연수,5,11,2,2,3,1,5,11,1,0,5,3,7,5,4,0,1,1,1,2,0,0,2,0,1,1,1,0,0,0,2,0,1,0,0,1,0,6,0,1,0,0,0,10,0,0,2,5,1,19,0,0,7,1,5,14,7,3,2,1,2,15,3,0,3,0,7,7,6,2,6,1,3,14,3,3,6
뉴질랜드,기타,654,612,621,581,590,570,599,634,606,582,564,733,883,610,174,74,33,65,108,102,78,74,94,110,93,108,93,101,95,89,132,116,104,140,139,177,156,166,171,305,276,234,318,355,375,608,463,595,609,578,627,623,588,554,645,614,653,737,626,665,640,593,678,527,583,515,515,546,604,675,664,707,684,618,788,527,627
키리바시,관광,23,10,29,17,41,36,36,16,19,21,16,19,5,18,6,0,0,0,1,0,0,1,0,2,2,2,0,26,0,1,0,0,0,0,0,0,0,0,0,1,0,1,5,2,6,5,4,0,0,1,2,1,8,3,15,3,3,8,0,5,7,2,3,4,6,10,10,11,15,2,3,4,2,2,1,3,2
키리바시,공용,2,0,1,1,0,1,0,1,1,1,0,0,0,0,0,0,0,0,0,0,0,0,0,0,0,0,0,0,0,0,0,0,0,0,0,0,0,0,0,0,0,1,1,1,1,1,0,0,0,1,2,0,8,0,3,2,3,8,0,0,0,1,0,1,1,1,1,9,2,3,4,1,0,4,0,0,0
키리바시,유학연수,0,0,0,12,6,0,2,0,0,0,0,0,0,0,0,0,0,0,0,0,0,0,0,0,0,0,0,0,0,0,0,0,0,0,0,0,0,0,0,0,0,0,0,0,0,0,0,0,0,2,0,0,0,1,0,0,0,0,0,0,0,0,0,0,0,0,0,1,1,0,0,0,0,0,2,0,0
키리바시,기타,34,67,52,69,34,52,37,37,25,50,21,63,32,20,27,11,2,9,30,23,13,30,21,18,11,44,19,45,0,3,14,12,1,5,4,0,4,10,23,12,4,4,15,2,1,9,0,0,2,1,4,2,3,8,4,28,7,10,3,9,12,12,27,4,1,8,6,8,5,6,2,5,7,0,3,13,3
피  지,관광,461,218,180,194,323,280,235,294,254,61,59,55,30,19,1,0,0,0,0,1,0,2,1,0,0,1,0,0,1,0,0,0,0,0,4,0,0,0,0,6,9,26,10,31,26,45,34,38,19,12,24,35,91,30,72,61,64,78,52,40,18,18,39,50,70,57,95,43,73,91,81,56,26,20,40,69,70
피  지,공용,2,1,4,2,2,4,2,1,1,3,2,1,3,0,0,0,1,0,2,1,0,0,0,0,1,1,0,0,0,1,0,1,0,0,0,0,2,1,0,0,2,1,1,2,3,0,3,2,1,0,0,1,1,0,0,2,1,0,1,0,0,0,0,3,0,0,0,3,0,0,1,0,3,0,0,0,1
피  지,유학연수,0,1,1,0,0,0,5,6,3,0,3,0,1,2,0,0,0,0,3,1,0,0,0,0,4,1,1,0,0,0,0,5,0,0,0,0,3,3,0,0,0,0,1,5,1,0,1,0,3,0,3,0,0,1,4,7,0,0,0,2,3,4,0,0,1,1,0,6,1,0,0,0,0,4,2,0,1
피  지,기타,9,17,9,18,11,16,8,20,15,19,17,15,15,9,2,0,1,1,12,6,4,3,4,1,5,4,5,6,7,3,0,3,5,3,3,2,5,3,2,1,6,6,3,3,5,5,3,8,4,3,13,13,5,19,11,24,15,35,12,18,13,48,20,34,15,19,28,6,24,21,22,39,13,19,13,22,11
남아프리카 공화국,관광,368,374,488,676,513,689,647,634,743,771,440,665,509,328,29,2,1,2,4,2,2,2,5,14,0,0,4,1,7,6,2,11,6,9,14,4,0,11,6,103,168,156,226,267,284,520,243,489,269,210,310,579,439,522,770,429,595,490,365,571,298,382,590,664,490,670,626,650,829,793,464,744,475,348,506,942,662
남아프리카 공화국,상용,9,6,5,7,9,3,4,6,8,9,4,3,10,7,0,0,0,0,0,1,1,1,2,4,3,0,0,2,0,2,0,2,5,2,3,0,3,1,0,2,1,0,1,2,3,3,2,1,5,3,3,3,1,3,4,3,7,4,3,3,6,7,3,6,1,6,4,8,10,3,7,0,9,6,3,3,9
남아프리카 공화국,공용,1,5,2,1,7,7,3,1,11,16,3,0,3,1,0,0,3,0,0,1,2,0,1,3,0,0,1,0,1,1,0,2,0,1,2,1,1,3,1,3,1,0,1,3,4,9,4,5,3,1,5,17,9,2,19,5,14,10,6,2,2,1,4,2,0,2,2,6,0,2,2,2,3,0,1,1,1
남아프리카 공화국,유학연수,6,8,6,1,2,3,4,11,7,0,1,3,7,6,0,0,0,1,0,0,1,0,1,0,0,1,1,0,0,0,1,1,1,0,0,0,1,7,2,1,1,2,0,11,1,1,3,2,3,14,5,0,1,2,2,18,3,0,1,1,6,13,6,3,3,3,7,18,5,5,4,1,5,9,6,1,1
남아프리카 공화국,기타,616,798,444,474,533,271,275,1235,428,379,250,251,743,662,208,20,25,58,63,91,80,75,85,77,76,69,54,28,53,100,120,207,103,82,108,98,99,413,197,171,190,149,258,573,227,215,220,245,515,703,455,473,533,463,610,1065,444,789,500,362,719,1003,753,835,702,580,665,1536,760,852,481,307,838,1173,792,892,1171
나이지리아,관광,42,115,77,77,55,87,127,153,427,149,103,79,30,78,10,0,0,0,0,14,0,1,4,2,3,11,5,0,1,4,3,22,6,12,5,12,0,3,3,5,122,31,43,64,143,215,44,38,31,17,43,60,87,57,75,88,64,103,62,41,90,63,76,72,97,101,67,110,201,154,201,58,31,52,47,78,49
나이지리아,상용,60,50,76,55,71,51,54,42,80,67,50,41,49,71,26,0,0,0,10,7,4,4,6,6,4,19,12,5,6,9,5,8,13,14,9,6,5,20,20,10,16,35,24,22,34,28,24,21,17,36,44,18,31,22,26,18,27,20,22,28,29,31,40,23,24,20,20,35,42,28,19,17,22,30,46,24,33
나이지리아,공용,13,2,2,6,12,14,8,9,13,10,26,6,8,9,1,0,2,0,0,4,0,2,7,2,1,2,3,0,5,0,1,1,9,29,14,0,0,4,3,4,13,3,1,2,11,62,7,2,3,2,10,3,3,1,1,3,5,5,2,4,0,1,2,3,4,7,0,4,4,6,3,3,3,0,7,6,4
나이지리아,유학연수,17,64,30,5,13,9,13,69,37,5,10,12,14,45,13,0,0,0,0,8,4,7,2,4,20,43,28,3,6,0,4,53,25,3,4,1,11,24,19,7,2,2,5,74,30,7,11,33,23,32,33,26,5,23,56,66,30,10,7,8,24,44,27,9,3,17,21,62,20,7,9,9,29,44,22,3,4
나이지리아,기타,42,56,43,21,41,46,15,34,31,19,29,59,57,50,33,4,1,8,8,32,6,6,11,5,6,8,5,5,3,8,3,10,10,6,2,7,9,21,21,17,21,13,16,27,26,30,22,29,43,32,27,34,26,40,46,39,27,26,27,31,41,38,40,31,35,22,28,42,20,35,24,27,34,40,26,18,32
이집트,관광,99,99,156,212,103,151,260,150,173,242,235,168,112,87,19,7,0,1,9,4,2,2,2,6,3,5,1,20,5,25,6,11,14,12,25,11,21,7,39,50,66,136,81,103,123,200,160,139,78,87,108,105,219,158,258,359,202,278,191,171,112,146,79,163,151,210,167,172,336,250,210,175,125,141,179,250,246
이집트,상용,141,132,148,103,81,141,95,83,151,179,157,120,95,86,15,0,0,1,13,18,7,11,11,21,16,13,26,15,31,42,39,43,47,58,70,27,23,12,26,21,25,41,44,49,60,79,85,58,60,72,82,36,78,59,55,77,130,115,130,116,121,105,105,123,136,134,116,110,159,170,144,99,105,141,57,144,152
이집트,공용,2,8,0,7,1,7,12,7,4,13,14,9,2,3,0,0,0,0,2,1,1,0,0,1,1,0,0,0,0,15,0,0,0,1,3,0,2,2,2,4,4,0,2,2,4,7,9,2,0,12,3,2,4,11,4,2,9,13,10,1,2,0,6,4,9,6,0,1,4,24,6,5,1,0,10,13,2
이집트,유학연수,7,31,27,8,0,11,14,50,28,5,7,4,16,25,6,0,0,0,5,25,12,3,3,5,3,18,9,3,8,4,4,43,19,3,3,5,8,25,17,4,6,6,8,51,23,0,5,7,9,46,22,3,9,11,13,54,17,6,5,9,13,56,15,3,6,7,10,81,20,4,12,13,23,55,25,12,11
이집트,기타,141,167,182,159,137,172,174,172,197,215,124,138,137,114,63,38,34,28,107,61,61,81,74,70,57,57,48,70,78,90,83,134,125,150,132,176,139,131,138,99,141,152,178,183,195,238,174,157,152,159,191,150,185,177,170,247,192,227,154,140,158,206,171,214,227,209,183,245,260,218,183,180,167,179,164,246,195
